ID,Affection,Sex,DRB1_1,DRB1_2,SENum,SEStatus,AntiCCP,RFUW
D0024949,0,F,101,401,SS,yes,0,0
D0024302,0,F,101,7,SN,yes,0,0
D0023151,0,F,101,11,SN,yes,0,0
D0022042,0,F,101,2,SN,yes,0,0
D0021275,0,F,101,7,SN,yes,0,0
D0021163,0,F,101,403,SN,yes,0,0
D0020795,0,F,101,3,SN,yes,0,0
D0020691,0,F,101,101,SS,yes,0,0
D0019121,0,F,101,2,SN,yes,0,0
D0018942,0,F,101,404,SS,yes,0,0
D0016405,0,F,101,7,SN,yes,0,0
D0016076,0,F,101,101,SS,yes,0,0
D0015522,0,F,101,14,SN,yes,0,0
D0015481,0,F,101,101,SS,yes,0,0
D0015424,0,F,101,3,SN,yes,0,0
D0015110,0,F,101,13,SN,yes,0,0
D0014975,0,F,101,7,SN,yes,0,0
D0013402,0,F,101,7,SN,yes,0,0
D0013166,0,F,101,401,SS,yes,0,0
D0013038,0,F,101,3,SN,yes,0,0
D0012892,0,F,101,2,SN,yes,0,0
D0012591,0,F,101,11,SN,yes,0,0
D0011244,0,F,101,14,SN,yes,0,0
D0009549,0,F,101,901,SN,yes,0,0
D0006282,0,F,101,13,SN,yes,0,0
D0004617,0,F,101,2,SN,yes,0,0
D0001247,0,F,101,101,SS,yes,0,0
D0001224,0,F,101,11,SN,yes,0,0
D0021185,0,F,101,3,SN,yes,0,0
D0015842,0,F,101,101,SS,yes,0,0
1104201,1,F,101,401,SS,yes,84.7,39
6033201,1,F,101,7,SN,yes,79,12
3015201,1,F,101,2,SN,yes,413,313
5004201,1,F,101,7,SN,yes,84.5,30
6045201,1,F,101,7,SN,yes,31.3,142
9001201,1,F,101,11,SN,yes,31.5,58
7004201,1,F,101,2,SN,yes,109.9,?
8001201,1,F,101,101,SS,yes,85.7,68
1090200,1,F,101,3,SN,yes,38.2,278
9023201,1,F,101,8,SN,yes,142.6,80
9066201,1,F,101,401,SS,yes,118.6,535
2039200,1,F,101,2,SN,yes,157,115
5036201,1,F,101,404,SS,yes,34.7,55
10009201,1,F,101,404,SS,yes,82.9,1510
6054201,1,F,101,405,SS,yes,138.6,85
7026200,1,F,101,403,SN,yes,108.4,121
12016201,1,F,101,11,SN,yes,179,126
1013202,1,F,101,401,SS,yes,97.4,1445
4045201,1,F,101,9012,SN,yes,45.9,121
5025201,1,F,101,401,SS,yes,128.4,611
1074200,1,F,101,1001,SS,yes,98.7,61
2012201,1,F,101,13,SN,yes,27.2,199
2056201,1,F,101,2,SN,yes,148.9,49
9059200,1,F,101,3,SN,yes,161.6,10
12019200,1,F,101,12,SN,yes,158.3,115
10001201,1,F,101,3,SN,yes,27.7,54
5035200,1,F,101,101,SS,yes,140.1,77
4071201,1,F,101,2,SN,yes,155.6,72
9004201,1,F,101,13,SN,yes,134.5,40
6028201,1,F,101,12,SN,yes,168.9,44
9107202,1,F,101,2,SN,yes,77.2,144
2048201,1,F,101,3,SN,yes,73.9,139
12033202,1,F,101,14,SN,yes,34.2,250
3018201,1,F,101,3,SN,yes,28.4,70
1076200,1,F,101,11,SN,yes,107.2,646
1018200,1,F,101,401,SS,yes,108.3,10
D0028000,0,F,101,7,SN,yes,?,?
D0024515,0,F,101,11,SN,yes,?,?
D0018287,0,F,101,101,SS,yes,?,?
D0014694,0,F,101,2,SN,yes,?,?
D0013861,0,F,101,11,SN,yes,?,?
D0012246,0,F,101,13,SN,yes,?,?
D0001213,0,F,101,3,SN,yes,?,?
D0013678,0,M,101,2,SN,yes,?,?
D0006173,0,M,101,2,SN,yes,?,?
D0004390,0,M,101,404,SS,yes,?,?
D0001245,0,M,101,407,SN,yes,?,?
D0023027,0,M,101,3,SN,yes,?,?
1015200,1,M,101,403,SN,yes,112.9,405
6030201,1,M,101,3,SN,yes,116.6,421
5031202,1,M,101,14,SN,yes,140.6,15
7007201,1,M,101,405,SS,yes,80.2,26
1087202,1,M,101,404,SS,yes,130.5,2605
8016202,1,M,101,3,SN,yes,109.4,74
9074201,1,M,101,401,SS,yes,122.5,265
12002202,1,M,101,401,SS,yes,120.5,965
12004200,1,M,101,3,SN,yes,48.7,99
4066201,1,M,101,401,SS,yes,135.2,42
11015201,1,M,101,401,SS,yes,168.5,419
8042201,1,M,101,2,SN,yes,147.4,77
4076201,1,M,101,11,SN,yes,146,541
1113201,1,M,101,401,SS,yes,124.4,137
12023201,1,M,101,3,SN,yes,83.3,277
7024201,1,M,101,7,SN,yes,123.8,563
1121201,1,M,101,7,SN,yes,314.9,1235
4035201,1,M,101,2,SN,yes,139.4,100
D0022253,0,M,101,13,SN,yes,,
D0019129,0,M,101,3,SN,yes,,
D0016020,0,M,101,401,SS,yes,,
D0000786,0,M,101,7,SN,yes,,
D0024972,0,F,102,3,SN,yes,,
D0022780,0,F,102,7,SN,yes,,
D0021593,0,F,102,405,SS,yes,,
D0019009,0,F,102,404,SS,yes,,
D0014449,0,F,102,701,SN,yes,,
D0013530,0,F,102,15,SN,yes,,
D0011960,0,F,102,1601,SN,yes,,
D0006368,0,F,102,14,SN,yes,,
D0005746,0,F,102,401,SS,yes,,
D0004233,0,F,102,1001,SS,yes,,
D0012254,0,F,102,13,SN,yes,,
KNS186243,1,F,102,401,SS,yes,186,1480
D0028077,0,F,102,3,SN,yes,,
D0027797,0,F,102,3,SN,yes,,
D0025623,0,F,102,13,SN,yes,,
D0023174,0,F,102,7,SN,yes,,
D0012674,0,F,102,11013,SN,yes,,
D0011570,0,F,102,15,SN,yes,,
D0011463,0,F,102,701,SN,yes,,
D0023109,0,M,102,7,SN,yes,,
D0013664,0,M,102,401,SS,yes,,
D0027991,0,F,1021,7,SN,yes,,
D0005953,0,F,1021,14,SN,yes,,
12596,1,F,1021,1305,SN,yes,550.036,981
12591,1,F,1021,7,SN,yes,438.3,708
D0009297,0,M,1021,3,SN,yes,,
D0005158,0,M,1021,7,SN,yes,,
11007201,1,M,1021,401,SS,yes,124.8,102
D0024548,0,F,103,401,SN,yes,,
D0014096,0,F,103,401,SN,yes,,
D0012080,0,F,103,405,SN,yes,,
D0010187,0,F,103,405,SN,yes,,
D0009509,0,F,103,1001,SN,yes,,
D0001030,0,F,103,7,NN,no,,
D0011499,0,F,103,14,NN,no,,
D0010840,0,F,103,2,NN,no,,
D0005983,0,F,103,11,NN,no,,
D0029240,0,F,103,15,NN,no,,
D0021664,0,F,103,3,NN,no,,
D0020914,0,F,103,2,NN,no,,
D0018382,0,F,103,7,NN,no,,
D0017152,0,F,103,2,NN,no,,
D0015817,0,F,103,15,NN,no,,
D0013216,0,F,103,11,NN,no,,
D0013090,0,F,103,3,NN,no,,
D0012573,0,F,103,1501,NN,no,,
D0009647,0,F,103,7,NN,no,,
D0009269,0,F,103,8,NN,no,,
D0005940,0,F,103,11,NN,no,,
D0004582,0,F,103,15,NN,no,,
12783,1,F,103,11,NN,no,174.38,605
D0009660,0,M,103,401,SN,yes,,
D0009173,0,M,103,401,SN,yes,,
D0000742,0,M,103,404,SN,yes,,
D0009306,0,M,103,701,NN,no,,
D0009432,0,M,103,11,NN,no,,
D0012459,0,M,103,12,NN,no,,
D0027985,0,M,103,7,NN,no,,
D0014228,0,M,103,2,NN,no,,
D0013453,0,M,103,11,NN,no,,
D0009188,0,M,103,3,NN,no,,
D0000946,0,M,103,14,NN,no,,
KNY102102,1,M,106,401,SN,yes,76,36
D0012467,0,F,301,401,SN,yes,,
D0013749,0,F,301,301,NN,no,,
D0019209,0,F,301,7,NN,no,,
D0009385,0,F,301,401,SN,yes,,
D0022758,0,F,301,1401,NN,no,,
D0019187,0,F,301,11,NN,no,,
D0013931,0,F,301,1401,NN,no,,
D0013562,0,F,301,7,NN,no,,
D0012615,0,F,301,3,NN,no,,
D0012389,0,M,301,401,SN,yes,,
D0010954,0,M,301,401,SN,yes,,
D0011343,0,M,301,401,SN,yes,,
D0000781,0,M,301,301,NN,no,,
D0012535,0,M,301,14011,NN,no,,
D0009337,0,M,301,13011,NN,no,,
D0013846,0,M,301,8,NN,no,,
D0013074,0,M,301,7,NN,no,,
D0012906,0,M,301,1103,NN,no,,
D0012375,0,M,301,14011,NN,no,,
D0012260,0,M,301,301,NN,no,,
D0009255,0,M,301,405,SN,yes,,
D0009223,0,M,301,401,SN,yes,,
D0006290,0,M,301,3,NN,no,,
D0006237,0,M,301,301,NN,no,,
D0001006,0,F,3011,407,NN,no,,
D0000686,0,M,3011,401,SS,yes,,
D0023170,0,F,305,15,NN,no,,
D0015413,0,F,305,422,NN,no,,
D0023049,0,F,401,8,SN,yes,,
D0023005,0,F,401,13,SN,yes,,
D0021647,0,F,401,11,SN,yes,,
D0021271,0,F,401,15,SN,yes,,
D0020959,0,F,401,701,SN,yes,,
D0019621,0,F,401,701,SN,yes,,
D0019265,0,F,401,8,SN,yes,,
D0018428,0,F,401,404,SS,yes,,
D0017173,0,F,401,701,SN,yes,,
D0015902,0,F,401,2,SN,yes,,
D0015418,0,F,401,11,SN,yes,,
D0015290,0,F,401,404,SS,yes,,
D0014998,0,F,401,2,SN,yes,,
D0014963,0,F,401,7,SN,yes,,
D0014918,0,F,401,403,SN,yes,,
D0014242,0,F,401,404,SS,yes,,
D0014232,0,F,401,7,SN,yes,,
D0013866,0,F,401,7,SN,yes,,
D0013832,0,F,401,7,SN,yes,,
D0013682,0,F,401,7,SN,yes,,
D0013483,0,F,401,15,SN,yes,,
D0013283,0,F,401,402,SN,yes,,
D0012692,0,F,401,13,SN,yes,,
D0012533,0,F,401,11,SN,yes,,
D0012310,0,F,401,1601,SN,yes,,
D0012287,0,F,401,7,SN,yes,,
D0012124,0,F,401,13,SN,yes,,
D0011760,0,F,401,2,SN,yes,,
D0011601,0,F,401,11,SN,yes,,
D0011565,0,F,401,1305,SN,yes,,
D0010971,0,F,401,13011,SN,yes,,
D0010551,0,F,401,404,SS,yes,,
D0010441,0,F,401,13,SN,yes,,
D0010283,0,F,401,1001,SS,yes,,
D0009939,0,F,401,2,SN,yes,,
D0009907,0,F,401,11,SN,yes,,
D0009779,0,F,401,7,SN,yes,,
D0009688,0,F,401,7,SN,yes,,
D0006380,0,F,401,13,SN,yes,,
D0006373,0,F,401,8,SN,yes,,
D0006327,0,F,401,3,SN,yes,,
D0006269,0,F,401,11,SN,yes,,
D0006266,0,F,401,401,SS,yes,,
D0006247,0,F,401,407,SN,yes,,
D0006227,0,F,401,7,SN,yes,,
D0006220,0,F,401,15,SN,yes,,
D0006133,0,F,401,701,SN,yes,,
D0006105,0,F,401,7,SN,yes,,
D0005998,0,F,401,14,SN,yes,,
D0005970,0,F,401,407,SN,yes,,
D0005864,0,F,401,7,SN,yes,,
D0005843,0,F,401,2,SN,yes,,
D0005763,0,F,401,13,SN,yes,,
D0005361,0,F,401,14,SN,yes,,
D0004569,0,F,401,7,SN,yes,,
D0004475,0,F,401,405,SS,yes,,
D0004285,0,F,401,7,SN,yes,,
D0004217,0,F,401,8,SN,yes,,
D0001181,0,F,401,2,SN,yes,,
D0001155,0,F,401,13,SN,yes,,
D0000945,0,F,401,7,SN,yes,,
D0000819,0,F,401,404,SS,yes,,
D0000800,0,F,401,405,SS,yes,,
D0000766,0,F,401,3011,SN,yes,,
D0000713,0,F,401,7,SN,yes,,
D0015034,0,F,401,15,SN,yes,,
D0000972,0,F,401,7,SN,yes,,
D0013435,0,F,401,701,SN,yes,,
D0009668,0,F,401,7,SN,yes,,
D0005883,0,F,401,11,SN,yes,,
D0012429,0,F,401,404,SS,yes,,
D0012565,0,F,401,401,SS,yes,,
D0014983,0,F,401,11,SN,yes,,
D0011590,0,F,401,7,SN,yes,,
D0015198,0,F,401,8,SN,yes,,
D0009835,0,F,401,14,SN,yes,,
1003201,1,F,401,2,SN,yes,413,70
1083200,1,F,401,401,SS,yes,40.6,63
6032200,1,F,401,7,SN,yes,148.5,30
1060200,1,F,401,3,SN,yes,118.8,4225
2017201,1,F,401,404,SS,yes,100.9,65
1009201,1,F,401,404,SS,yes,161.2,218
2087200,1,F,401,101,SS,yes,35.6,86
5028201,1,F,401,2,SN,yes,73.3,39
2030200,1,F,401,101,SS,yes,152.9,35
1064200,1,F,401,408,SS,yes,174.8,142
5015201,1,F,401,401,SS,yes,122,26
10018200,1,F,401,3,SN,yes,20.5,63
6029201,1,F,401,2,SN,yes,54.9,193
9056200,1,F,401,3,SN,yes,90.6,65
2008200,1,F,401,407,SN,yes,88.5,446
9018201,1,F,401,8,SN,yes,159.3,142
1080201,1,F,401,404,SS,yes,129.1,109
2108201,1,F,401,404,SS,yes,60.2,23
1262201,1,F,401,13,SN,yes,210,70
7023200,1,F,401,7,SN,yes,49.9,243
2011201,1,F,401,404,SS,yes,153.5,177
2118201,1,F,401,403,SN,yes,413,3785
4082201,1,F,401,3,SN,yes,40.6,10
5079200,1,F,401,404,SS,yes,116.2,100
6007201,1,F,401,401,SS,yes,137.1,201
7006200,1,F,401,407,SN,yes,33.3,531
2151201,1,F,401,401,SS,yes,317.6,49
1050200,1,F,401,402,SN,yes,28.9,?
1057200,1,F,401,1021,SS,yes,150,564
5008201,1,F,401,101,SS,yes,173,134
8004201,1,F,401,403,SN,yes,136.5,670
5009201,1,F,401,3,SN,yes,22,207
5026201,1,F,401,14,SN,yes,115.7,366
1019202,1,F,401,404,SS,yes,138.7,?
6012200,1,F,401,404,SS,yes,152.2,45
5018201,1,F,401,404,SS,yes,120.5,325.5
6016202,1,F,401,404,SS,yes,136.9,563
1045202,1,F,401,7,SN,yes,144.4,641.5
6018201,1,F,401,101,SS,yes,123.1,73
6021200,1,F,401,101,SS,yes,39.8,455
5037200,1,F,401,401,SS,yes,78.8,46
5038200,1,F,401,401,SS,yes,115.8,48
1092201,1,F,401,404,SS,yes,81.3,11
1107201,1,F,401,3,SN,yes,35.7,24
5046201,1,F,401,2,SN,yes,116.8,16
6041201,1,F,401,101,SS,yes,161.8,49
8006201,1,F,401,404,SS,yes,157.2,106
5002201,1,F,401,2,SN,yes,47.8,34
1004201,1,F,401,2,SN,yes,413,281
3001200,1,F,401,7,SN,yes,73.9,306
1085201,1,F,401,7,SN,yes,66.7,131
8026201,1,F,401,404,SS,yes,23,276
8029200,1,F,401,11,SN,yes,136.9,64
9050200,1,F,401,408,SS,yes,206.8,127
2035201,1,F,401,401,SS,yes,413,213
9068201,1,F,401,1401,SN,yes,98,149
9070201,1,F,401,3,SN,yes,120.6,106
10007202,1,F,401,404,SS,yes,91.1,10
5054200,1,F,401,404,SS,yes,114.4,34
10014201,1,F,401,1001,SS,yes,149.3,267
8002201,1,F,401,404,SS,yes,124.4,2755
8020201,1,F,401,407,SN,yes,36.9,515
1055201,1,F,401,404,SS,yes,107.4,493
1065201,1,F,401,7,SN,yes,61.9,52
3012201,1,F,401,404,SS,yes,121.6,111
4017200,1,F,401,404,SS,yes,57.7,41
4019200,1,F,401,7,SN,yes,125.3,78
4044201,1,F,401,404,SS,yes,108.4,409
2036202,1,F,401,408,SS,yes,39.8,24
4051200,1,F,401,408,SS,yes,28.3,41
2063201,1,F,401,404,SS,yes,139.8,106
4057201,1,F,401,7,SN,yes,106,15
3027201,1,F,401,7,SN,yes,113.3,10
3028200,1,F,401,2,SN,yes,154.9,111
5011201,1,F,401,404,SS,yes,81.9,11
5014200,1,F,401,12,SN,yes,26.2,75
9020201,1,F,401,404,SS,yes,145,438
8030201,1,F,401,2,SN,yes,50.7,36
10012201,1,F,401,404,SS,yes,157.4,81
10017201,1,F,401,1401,SN,yes,344.5,670
1141201,1,F,401,404,SS,yes,114.3,2800
6056201,1,F,401,404,SS,yes,127,94
1144201,1,F,401,401,SS,yes,74.6,57
2016201,1,F,401,7,SN,yes,144.2,806.5
6062201,1,F,401,404,SS,yes,109.3,84
2027201,1,F,401,404,SS,yes,413,88
2050201,1,F,401,401,SS,yes,61.8,102
8027201,1,F,401,101,SS,yes,413,21
2060201,1,F,401,8,SN,yes,144.6,102
5039201,1,F,401,103,SN,yes,112.9,222
3034200,1,F,401,7,SN,yes,413,444
4042201,1,F,401,101,SS,yes,144,967
4052201,1,F,401,10,SS,yes,127.8,115
4062200,1,F,401,8,SN,yes,135.2,146
4065201,1,F,401,12,SN,yes,87.8,39
1089201,1,F,401,401,SS,yes,37.6,10
10021201,1,F,401,1001,SS,yes,153.2,10
1073201,1,F,401,407,SN,yes,31,16
1140201,1,F,401,1001,SS,yes,71.2,612
1148201,1,F,401,12,SN,yes,63.2,29
6053201,1,F,401,404,SS,yes,40.2,10
2055201,1,F,401,14,SN,yes,50.6,77
7025201,1,F,401,1001,SS,yes,121.3,9
5050200,1,F,401,404,SS,yes,99.5,35
2072201,1,F,401,401,SS,yes,25.6,10
2078200,1,F,401,7,SN,yes,104.8,637
9032200,1,F,401,401,SS,yes,39.6,30
5061201,1,F,401,2,SN,yes,123,528
5063200,1,F,401,13,SN,yes,118.3,166
7013201,1,F,401,2,SN,yes,22.1,120
4047201,1,F,401,13,SN,yes,91.5,10
10010201,1,F,401,3,SN,yes,95.8,2235
8046201,1,F,401,404,SS,yes,45.7,576
9073201,1,F,401,404,SS,yes,68,10
4093201,1,F,401,2,SN,yes,42.7,63
10013201,1,F,401,404,SS,yes,85.9,179
10020201,1,F,401,3,SN,yes,21.9,12
12012202,1,F,401,401,SS,yes,159.9,10
12020201,1,F,401,401,SS,yes,282.7,16
12024202,1,F,401,401,SS,yes,31,21
9063200,1,F,401,3,SN,yes,36,21
12027200,1,F,401,101,SS,yes,121.3,403
6044200,1,F,401,11,SN,yes,103.2,303
1171202,1,F,401,7,SN,yes,63,10
4089201,1,F,401,101,SS,yes,126.1,233
1103201,1,F,401,9,SN,yes,37.4,38
5001200,1,F,401,8,SN,yes,165.3,11
5012200,1,F,401,3,SN,yes,27.4,510
9084201,1,F,401,3,SN,yes,117.9,901
9091201,1,F,401,401,SS,yes,132.8,96
9097202,1,F,401,401,SS,yes,54,44
2104201,1,F,401,12,SN,yes,52.5,248.5
3038201,1,F,401,13,SN,yes,132.9,121
9033201,1,F,401,407,SN,yes,126.3,37
4101200,1,F,401,101,SS,yes,120.9,215
4105201,1,F,401,101,SS,yes,34.5,46
5073201,1,F,401,401,SS,yes,129,193
11020200,1,F,401,3,SN,yes,130,41
6008201,1,F,401,401,SS,yes,155,70
6010206,1,F,401,404,SS,yes,142.7,653
12030201,1,F,401,101,SS,yes,149,107
12040201,1,F,401,12,SN,yes,72.4,124
1155201,1,F,401,12,SN,yes,39.9,86
1167200,1,F,401,7,SN,yes,117.5,1500
2099200,1,F,401,2,SN,yes,45,311
1175201,1,F,401,404,SS,yes,131.2,135
1181201,1,F,401,7,SN,yes,47.3,79
2075201,1,F,401,101,SS,yes,102.4,119
2076201,1,F,401,404,SS,yes,165.3,982.5
5049201,1,F,401,4,SS,yes,75.4,78
5075201,1,F,401,7,SN,yes,134.5,26
5076201,1,F,401,101,SS,yes,113,155
1217200,1,F,401,11,SN,yes,413,110
1218201,1,F,401,408,SS,yes,413,59
8032201,1,F,401,401,SS,yes,167.7,190
1219201,1,F,401,7,SN,yes,169.1,15
1220200,1,F,401,12,SN,yes,413,144
2019201,1,F,401,12,SN,yes,117.5,546
1105200,1,F,401,9,SN,yes,113.3,696
1205201,1,F,401,408,SS,yes,313.7,468
1214200,1,F,401,13,SN,yes,413,74
1228201,1,F,401,14,SN,yes,129.6,423
1231201,1,F,401,404,SS,yes,269.4,195
1248201,1,F,401,401,SS,yes,371.3,1290
1255201,1,F,401,404,SS,yes,413,198
3033201,1,F,401,13,SN,yes,123,24
2071201,1,F,401,13,SN,yes,34.6,50
2081200,1,F,401,12,SN,yes,48.1,70
1260201,1,F,401,12,SN,yes,47.5,308
5024200,1,F,401,404,SS,yes,211.4,86
1268201,1,F,401,404,SS,yes,357.2,611
1269201,1,F,401,408,SS,yes,247.6,465
2119202,1,F,401,408,SS,yes,217.8,11
2135201,1,F,401,13,SN,yes,413,118
1285201,1,F,401,10,SS,yes,413,145
2139201,1,F,401,401,SS,yes,413,585
5021201,1,F,401,7,SN,yes,108.9,347
9038202,1,F,401,404,SS,yes,167.3,13
4107201,1,F,401,401,SS,yes,362.6,205
9078201,1,F,401,10,SS,yes,334.2,581
5065200,1,F,401,404,SS,yes,110.9,165
9110201,1,F,401,14,SN,yes,113.2,9
5071201,1,F,401,407,SN,yes,110,388
8028200,1,F,401,7,SN,yes,145.9,40
8049201,1,F,401,401,SS,yes,112,49
12013202,1,F,401,401,SS,yes,143.2,391
9116201,1,F,401,408,SS,yes,52.8,240
10011201,1,F,401,7,SN,yes,55.3,994
1027201,1,F,401,2,SN,yes,62.8,308
1077201,1,F,401,2,SN,yes,59.7,516
KNZ825573,1,F,401,11,SN,yes,93,?
KNZ577352,1,F,401,11,SN,yes,32,?
KNZ351013,1,F,401,12,SN,yes,177,?
KNZ350993,1,F,401,301,SN,yes,78,14
KNZ220183,1,F,401,1410,SN,yes,646,?
KNY722752,1,F,401,404,SS,yes,374,78
KNY722743,1,F,401,401,SS,yes,94,483
KNY380992,1,F,401,301,SN,yes,52,40
KNX691012,1,F,401,7,SN,yes,497,122
KNV935872,1,F,401,404,SS,yes,653,?
KNV212252,1,F,401,401,SS,yes,90,14
KNV212232,1,F,401,407,SN,yes,97,1080
KNS190042,1,F,401,1301,SN,yes,135,?
KNS188872,1,F,401,1001,SS,yes,71,?
KNS144042,1,F,401,7,SN,yes,57,23
KNS129922,1,F,401,8,SN,yes,55,?
KNS127602,1,F,401,1301,SN,yes,58,?
KNS124723,1,F,401,1001,SS,yes,214,?
KNO802913,1,F,401,401,SS,yes,43,637
KNO285103,1,F,401,401,SS,yes,58,85
KNN592963,1,F,401,1301,SN,yes,76,?
KNN534963,1,F,401,11,SN,yes,678,?
KNL295023,1,F,401,7,SN,yes,193,92
KNJ289023,1,F,401,9,SN,yes,300,?
KNJ186754,1,F,401,1301,SN,yes,1684,?
KNJ185223,1,F,401,401,SS,yes,39,231
KNI914963,1,F,401,401,SS,yes,2130,14
KNH763223,1,F,401,8,SN,yes,119,253
KNH680354,1,F,401,1301,SN,yes,753,?
KNH470543,1,F,401,701,SN,yes,866,278
KNG318134,1,F,401,1301,SN,yes,487,?
KNF565944,1,F,401,7,SN,yes,680,105
KNF513883,1,F,401,404,SS,yes,69,217
KNF503393,1,F,401,8,SN,yes,166,?
KND958904,1,F,401,7,SN,yes,418,101
KND656174,1,F,401,301,SN,yes,75,637
KND112604,1,F,401,401,SS,yes,67,348
KNC856904,1,F,401,7,SN,yes,41,92
KNA773514,1,F,401,11,SN,yes,757,?
KNA525793,1,F,401,11,SN,yes,478,?
KNA499683,1,F,401,404,SS,yes,30,127
D0026893,0,F,401,401,SS,yes,,
D0024870,0,F,401,701,SN,yes,,
D0023102,0,F,401,401,SS,yes,,
D0021977,0,F,401,2,SN,yes,,
D0021662,0,F,401,4,SS,yes,,
D0021366,0,F,401,4,SS,yes,,
D0020682,0,F,401,1101,SN,yes,,
D0018825,0,F,401,13,SN,yes,,
D0014981,0,F,401,13,SN,yes,,
D0014834,0,F,401,11,SN,yes,,
D0013372,0,F,401,14,SN,yes,,
D0013000,0,F,401,2,SN,yes,,
D0011791,0,F,401,13,SN,yes,,
D0011226,0,F,401,402,SN,yes,,
D0010714,0,F,401,405,SN,yes,,
D0010409,0,F,401,13,SN,yes,,
D0010374,0,F,401,13,SN,yes,,
D0009325,0,F,401,13,SN,yes,,
D0006331,0,F,401,12,SN,yes,,
D0005959,0,F,401,403,SN,yes,,
D0005758,0,F,401,701,SN,yes,,
D0005053,0,F,401,14,SN,yes,,
D0004406,0,F,401,13,SN,yes,,
D0004392,0,F,401,401,SS,yes,,
D0004385,0,F,401,13,SN,yes,,
D0004376,0,F,401,10,SS,yes,,
D0000748,0,F,401,2,SN,yes,,
14392,1,F,401,3,SN,yes,,
14077,1,F,401,401,SS,yes,,
13987,1,F,401,404,SS,yes,,
12970,1,F,401,1201,SN,yes,,
12884,1,F,401,401,SS,yes,,
12659,1,F,401,407,SN,yes,,
12617,1,F,401,404,SS,yes,,
12613,1,F,401,407,SN,yes,,
12595,1,F,401,404,SS,yes,,
D0021259,0,M,401,15,SN,yes,,
D0014972,0,M,401,4,SS,yes,,
D0014669,0,M,401,14,SN,yes,,
D0014642,0,M,401,7,SN,yes,,
D0013206,0,M,401,2,SN,yes,,
D0012750,0,M,401,404,SS,yes,,
D0012129,0,M,401,11,SN,yes,,
D0010445,0,M,401,301,SN,yes,,
D0009738,0,M,401,15,SN,yes,,
D0009695,0,M,401,12,SN,yes,,
D0009487,0,M,401,13,SN,yes,,
D0009457,0,M,401,701,SN,yes,,
D0009439,0,M,401,11,SN,yes,,
D0006048,0,M,401,1001,SS,yes,,
D0005955,0,M,401,13,SN,yes,,
D0005860,0,M,401,404,SS,yes,,
D0005667,0,M,401,8,SN,yes,,
D0005324,0,M,401,8,SN,yes,,
D0005305,0,M,401,15,SN,yes,,
D0004191,0,M,401,3,SN,yes,,
D0001192,0,M,401,13,SN,yes,,
D0001035,0,M,401,2,SN,yes,,
D0000994,0,M,401,3,SN,yes,,
D0000957,0,M,401,404,SS,yes,,
D0012346,0,M,401,7,SN,yes,,
D0012951,0,M,401,11,SN,yes,,
D0005148,0,M,401,407,SN,yes,,
D0011978,0,M,401,13011,SN,yes,,
D0009391,0,M,401,13011,SN,yes,,
D0009406,0,M,401,12,SN,yes,,
D0011961,0,M,401,14,SN,yes,,
D0015157,0,M,401,404,SS,yes,,
1012201,1,M,401,3,SN,yes,28.6,34
9089200,1,M,401,2,SN,yes,141.6,638
1061201,1,M,401,404,SS,yes,136,79
2045201,1,M,401,404,SS,yes,85,28
5051201,1,M,401,7,SN,yes,124.3,11
3019201,1,M,401,404,SS,yes,144.7,531
12007201,1,M,401,404,SS,yes,107.6,661
9080201,1,M,401,404,SS,yes,101.7,35
2129201,1,M,401,11,SN,yes,413,80
4007201,1,M,401,404,SS,yes,161.6,90
4018200,1,M,401,14,SN,yes,144.4,252
4043201,1,M,401,401,SS,yes,138.3,23
5034201,1,M,401,404,SS,yes,73.6,1007
8008201,1,M,401,3,SN,yes,165,219
1059200,1,M,401,404,SS,yes,124.1,89
7031201,1,M,401,1001,SS,yes,117.1,111
8010200,1,M,401,12,SN,yes,159.3,1290
1075201,1,M,401,7,SN,yes,110.9,161
9054201,1,M,401,13,SN,yes,109.6,75
9072201,1,M,401,401,SS,yes,127.2,304
9075203,1,M,401,1001,SS,yes,394.2,127
10004201,1,M,401,401,SS,yes,103.7,207
2004202,1,M,401,407,SN,yes,130.9,255
2013201,1,M,401,1001,SS,yes,137.3,85
1134201,1,M,401,404,SS,yes,97.3,292
2021201,1,M,401,101,SS,yes,156.9,35
6060201,1,M,401,2,SN,yes,63.2,10
2042201,1,M,401,12,SN,yes,156,1500
8005201,1,M,401,101,SS,yes,70.2,182
1031201,1,M,401,11,SN,yes,148.7,41
3023201,1,M,401,404,SS,yes,134.7,611
2052201,1,M,401,404,SS,yes,95.9,172
5043201,1,M,401,101,SS,yes,147.7,546
2061201,1,M,401,401,SS,yes,120,900
4033201,1,M,401,404,SS,yes,163.4,383
5013201,1,M,401,401,SS,yes,145.5,2490
9081201,1,M,401,404,SS,yes,123.9,1325
9092201,1,M,401,101,SS,yes,126.4,172
8035201,1,M,401,13,SN,yes,124.3,33
2097201,1,M,401,3,SN,yes,129.9,103
1129201,1,M,401,404,SS,yes,413,120
2020201,1,M,401,404,SS,yes,130.2,663
4084201,1,M,401,401,SS,yes,109.9,154
5020201,1,M,401,2,SN,yes,79.8,257
2095201,1,M,401,12,SN,yes,132.2,17
7032201,1,M,401,101,SS,yes,163.3,423
9007201,1,M,401,404,SS,yes,105.9,62
9009201,1,M,401,101,SS,yes,166.7,45
4094201,1,M,401,407,SN,yes,33.1,363.5
4099201,1,M,401,7,SN,yes,105.6,99
5069201,1,M,401,1021,SS,yes,118.6,343
9108201,1,M,401,404,SS,yes,125.5,862
1131201,1,M,401,7,SN,yes,210,26
1186201,1,M,401,407,SN,yes,91.5,183
1165201,1,M,401,408,SS,yes,114.1,12
1270201,1,M,401,401,SS,yes,210,409
1264201,1,M,401,408,SS,yes,191.4,89
1084201,1,M,401,3,SN,yes,71.2,10
2125201,1,M,401,401,SS,yes,413,1120
2131203,1,M,401,408,SS,yes,315.3,35
2054201,1,M,401,401,SS,yes,413,62
9024200,1,M,401,407,SN,yes,76.7,585
4091201,1,M,401,404,SS,yes,30.8,69
9105201,1,M,401,13,SN,yes,59.9,17
8031201,1,M,401,404,SS,yes,117.2,663
8052201,1,M,401,407,SN,yes,161.2,72
1054201,1,M,401,404,SS,yes,173,240
1072201,1,M,401,7,SN,yes,144.4,271
5010201,1,M,401,101,SS,yes,135.6,354
KNZ221152,1,M,401,301,SN,yes,144,424
KNU866492,1,M,401,301,SN,yes,308,120
KNU235092,1,M,401,404,SS,yes,1741,97
KNS186262,1,M,401,701,SN,yes,56,536
KNM311464,1,M,401,404,SS,yes,65,157
KNM311453,1,M,401,405,SS,yes,445,38
KNL894903,1,M,401,12,SN,yes,228,?
KNJ859913,1,M,401,7,SN,yes,561,37
KNJ040073,1,M,401,404,SS,yes,70,153
KNI090613,1,M,401,301,SN,yes,221,25
KNH763263,1,M,401,404,SS,yes,142,157
KNG089944,1,M,401,7,SN,yes,127,20
KND795883,1,M,401,404,SS,yes,936,502
KND112754,1,M,401,404,SS,yes,411,556
KNB354743,1,M,401,401,SS,yes,52,398
KNB274544,1,M,401,404,SS,yes,92,14
KNA530324,1,M,401,404,SS,yes,544,1470
KNA494053,1,M,401,1305,SN,yes,61,?
D0015787,0,M,401,7,SN,yes,,
D0015114,0,M,401,2,SN,yes,,
D0012397,0,M,401,12,SN,yes,,
D0011884,0,M,401,403,SN,yes,,
D0009483,0,M,401,11,SN,yes,,
14217,1,M,401,401,SS,yes,337.488,40
12982,1,M,401,7,SN,yes,187.377,28
12607,1,M,401,401,SS,yes,181.299,455
D0001222,0,F,402,11,NN,no,,
D0000882,0,F,402,7,NN,no,,
KNG462203,1,F,402,404,SN,yes,391,?
D0028001,0,F,402,13,NN,no,,
D0026934,0,F,402,13,NN,no,,
D0024878,0,F,402,13,NN,no,,
D0024809,0,F,402,701,NN,no,,
D0023145,0,F,402,13,NN,no,,
D0022764,0,F,402,14,NN,no,,
D0021688,0,F,402,13,NN,no,,
D0018968,0,F,402,1104,NN,no,,
D0018756,0,F,402,11,NN,no,,
D0013815,0,F,402,8,NN,no,,
D0011878,0,F,402,1104,NN,no,,
D0011617,0,F,402,8,NN,no,,
D0011606,0,F,402,14,NN,no,,
D0009518,0,F,402,7,NN,no,,
D0009276,0,F,402,13,NN,no,,
D0001103,0,F,402,13,NN,no,,
D0009409,0,M,402,301,NN,no,,
D0012967,0,M,402,7,NN,no,,
D0020806,0,M,402,403,NN,no,,
D0019427,0,M,402,11,NN,no,,
D0019078,0,M,402,11,NN,no,,
D0019060,0,M,402,12,NN,no,,
D0006231,0,M,402,15,NN,no,,
D0015069,0,F,403,701,NN,no,,
D0023009,0,F,403,7,NN,no,,
D0022267,0,F,403,404,SN,yes,,
D0019180,0,F,403,12,NN,no,,
D0009512,0,F,403,13,NN,no,,
D0001070,0,F,403,11,NN,no,,
12614,1,F,403,406,NN,no,481.407,532
1122200,1,M,403,404,SN,yes,84.1,186
D0029165,0,M,403,15,NN,no,,
D0009324,0,M,403,701,NN,no,,
D0024516,0,F,404,14,SN,yes,,
D0023130,0,F,404,13,SN,yes,,
D0023007,0,F,404,704,SN,yes,,
D0018919,0,F,404,7,SN,yes,,
D0015437,0,F,404,701,SN,yes,,
D0015257,0,F,404,14,SN,yes,,
D0014986,0,F,404,8,SN,yes,,
D0014826,0,F,404,7,SN,yes,,
D0014046,0,F,404,3,SN,yes,,
D0013721,0,F,404,7,SN,yes,,
D0013684,0,F,404,701,SN,yes,,
D0013581,0,F,404,404,SS,yes,,
D0012916,0,F,404,7,SN,yes,,
D0012792,0,F,404,1301,SN,yes,,
D0009838,0,F,404,701,SN,yes,,
D0009823,0,F,404,1104,SN,yes,,
D0009599,0,F,404,701,SN,yes,,
D0009558,0,F,404,15,SN,yes,,
D0009448,0,F,404,13,SN,yes,,
D0006372,0,F,404,3,SN,yes,,
D0004997,0,F,404,1601,SN,yes,,
D0004298,0,F,404,2,SN,yes,,
D0001234,0,F,404,3,SN,yes,,
D0001120,0,F,404,3,SN,yes,,
D0000896,0,F,404,13,SN,yes,,
D0000866,0,F,404,1001,SS,yes,,
D0013024,0,F,404,15,SN,yes,,
D0021139,0,F,404,7,SN,yes,,
D0001200,0,F,404,11,SN,yes,,
D0024617,0,F,404,11,SN,yes,,
D0013336,0,F,404,13,SN,yes,,
6058201,1,F,404,101,SS,yes,413,17
1030201,1,F,404,1001,SS,yes,137,154
1136201,1,F,404,14,SN,yes,120.2,405
10005201,1,F,404,8,SN,yes,42,428
1096201,1,F,404,13,SN,yes,91.4,211
5019200,1,F,404,11,SN,yes,79.4,440
5017201,1,F,404,3,SN,yes,26.2,39
6024201,1,F,404,3,SN,yes,24.6,29
6037201,1,F,404,3,SN,yes,136.1,444
2041200,1,F,404,2,SN,yes,24,10
5042201,1,F,404,2,SN,yes,78,25
5048201,1,F,404,101,SS,yes,210,15
5055201,1,F,404,3,SN,yes,129,1085
1149201,1,F,404,2,SN,yes,98.3,364
9071201,1,F,404,2,SN,yes,125.3,712
9088201,1,F,404,101,SS,yes,75.7,235
4077200,1,F,404,2,SN,yes,22.8,191
5032200,1,F,404,12,SN,yes,62.9,373.5
1135200,1,F,404,101,SS,yes,31.2,91
5062201,1,F,404,101,SS,yes,172.6,105
4086201,1,F,404,404,SS,yes,102.3,124
1117201,1,F,404,3,SN,yes,112.6,140
5052200,1,F,404,11,SN,yes,94.4,282
1114200,1,F,404,7,SN,yes,142.5,223
1008202,1,F,404,13,SN,yes,23.7,11
1032201,1,F,404,101,SS,yes,129.5,129.5
2064201,1,F,404,101,SS,yes,151.6,36
3003201,1,F,404,3,SN,yes,38,10
9046202,1,F,404,3,SN,yes,60.6,79
1188201,1,F,404,1001,SS,yes,34.3,96
9102201,1,F,404,101,SS,yes,61.5,12
2051201,1,F,404,7,SN,yes,102.2,403
2109200,1,F,404,7,SN,yes,43.6,17
2130201,1,F,404,423,SN,yes,413,23
2136200,1,F,404,13,SN,yes,126,73
2148201,1,F,404,423,SN,yes,129,9
9085201,1,F,404,11,SN,yes,127.2,81
1046201,1,F,404,11,SN,yes,114.4,152
KNZ670562,1,F,404,7,SN,yes,380,?
KNZ069622,1,F,404,407,SN,yes,571,?
KNS129612,1,F,404,7,SN,yes,350,?
KNS126422,1,F,404,1301,SN,yes,875,?
KNI371303,1,F,404,11,SN,yes,56,?
KNI371274,1,F,404,401,SS,yes,295,?
KNI145253,1,F,404,404,SS,yes,927,?
KNH470563,1,F,404,301,SN,yes,62,?
KNH470534,1,F,404,11,SN,yes,68,?
KNF503384,1,F,404,7,SN,yes,92,?
KND958893,1,F,404,1301,SN,yes,179,?
KNB618743,1,F,404,9012,SN,yes,532,?
KNA175463,1,F,404,7,SN,yes,61,?
D0024891,0,F,404,11,SN,yes,,
D0024815,0,F,404,7,SN,yes,,
D0024379,0,F,404,11,SN,yes,,
D0021356,0,F,404,7,SN,yes,,
D0019375,0,F,404,11,SN,yes,,
D0015033,0,F,404,13,SN,yes,,
D0009369,0,F,404,1101,SN,yes,,
14283,1,F,404,404,SS,yes,38.185,269
13372,1,F,404,401,SS,yes,40.026,262
12622,1,F,404,1201,SN,yes,344.787,260
12592,1,F,404,2,SN,yes,92.446,381
12580,1,F,404,405,SS,yes,244.521,569
D0024498,0,M,404,13,SN,yes,,
D0013064,0,M,404,7,SN,yes,,
D0012762,0,M,404,1401,SN,yes,,
D0010574,0,M,404,7,SN,yes,,
D0006263,0,M,404,13,SN,yes,,
D0006190,0,M,404,7,SN,yes,,
D0005951,0,M,404,7,SN,yes,,
D0001017,0,M,404,9,SN,yes,,
D0009293,0,M,404,7,SN,yes,,
D0018343,0,M,404,11,SN,yes,,
D0004970,0,M,404,7,SN,yes,,
1159201,1,M,404,11,SN,yes,22.9,31
4002201,1,M,404,1001,SS,yes,135.7,69
2043201,1,M,404,12,SN,yes,46.6,11
12015201,1,M,404,3,SN,yes,92,35
1007200,1,M,404,2,SN,yes,26.9,101
5023201,1,M,404,2,SN,yes,121.1,27
10006201,1,M,404,2,SN,yes,157.6,886
2077200,1,M,404,7,SN,yes,146.6,180
1158201,1,M,404,11,SN,yes,111.4,102
3035201,1,M,404,2,SN,yes,33.1,34
2094201,1,M,404,101,SS,yes,132,85
4087201,1,M,404,3,SN,yes,130.5,153
KNL120513,1,M,404,7,SN,yes,128,?
KNL077543,1,M,404,13,SN,yes,39,?
KNH763243,1,M,404,301,SN,yes,99,?
KND112463,1,M,404,11,SN,yes,84,?
KNB294013,1,M,404,11,SN,yes,738,?
KNB294004,1,M,404,401,SS,yes,580,?
D0023063,0,M,404,2,SN,yes,,
D0013419,0,M,404,13011,SN,yes,,
D0013042,0,M,404,1303,SN,yes,,
13358,1,M,404,404,SS,yes,32.239,34
D0021276,0,F,405,7,SN,yes,,
D0015158,0,F,405,7,SN,yes,,
D0013586,0,F,405,8,SN,yes,,
D0000962,0,F,405,2,SN,yes,,
D0015308,0,F,405,14,SN,yes,,
D0012036,0,F,405,8,SN,yes,,
1016200,1,F,405,101,SS,yes,188.6,52
6049201,1,F,405,101,SS,yes,121.2,1250
5041202,1,F,405,101,SS,yes,148.1,19
11023202,1,F,405,1001,SS,yes,27.6,822
KNP424044,1,F,405,15,SN,yes,236,?
D0021287,0,F,405,2,SN,yes,,
D0013563,0,F,405,11,SN,yes,,
D0012003,0,F,405,11,SN,yes,,
D0010945,0,F,405,13,SN,yes,,
D0000901,0,F,405,7,SN,yes,,
D0004320,0,M,405,11,SN,yes,,
D0011667,0,M,405,7,SN,yes,,
D0006110,0,M,406,11,NN,no,,
D0013203,0,M,406,2,NN,no,,
D0022696,0,F,407,401,SN,yes,,
D0006089,0,F,407,404,SN,yes,,
KNE529653,1,F,407,401,SN,yes,527,?
KND936304,1,F,407,404,SN,yes,280,?
D0017392,0,F,407,2,NN,no,,
D0015295,0,F,407,11,NN,no,,
D0011074,0,F,407,14,NN,no,,
D0009673,0,F,407,13,NN,no,,
D0001034,0,F,407,2,NN,no,,
D0019361,0,M,407,11,NN,no,,
D0001084,0,M,407,7,NN,no,,
D0012544,0,F,408,9012,SN,yes,,
4074200,1,F,408,103,SS,yes,413,100
1271200,1,F,408,13,SN,yes,33.1,93
D0027992,0,F,408,7,NN,no,,
D0015905,0,M,408,11,SN,yes,,
D0000775,0,M,408,13011,SN,yes,,
D0012747,0,F,701,13,NN,no,,
D0009529,0,F,701,13,NN,no,,
D0012779,0,F,701,13,NN,no,,
D0011530,0,F,701,15,NN,no,,
D0012393,0,F,701,8,NN,no,,
D0029021,0,F,701,15,NN,no,,
D0025531,0,F,701,11,NN,no,,
D0025436,0,F,701,13,NN,no,,
D0025285,0,F,701,1303,NN,no,,
D0023122,0,F,701,15,NN,no,,
D0022151,0,F,701,11,NN,no,,
D0021690,0,F,701,11,NN,no,,
D0021430,0,F,701,11,NN,no,,
D0019241,0,F,701,15,NN,no,,
D0017629,0,F,701,11,NN,no,,
D0014502,0,F,701,15,NN,no,,
D0014299,0,F,701,1401,NN,no,,
D0013043,0,F,701,15,NN,no,,
D0010393,0,F,701,15,NN,no,,
D0009886,0,F,701,15,NN,no,,
D0005251,0,M,701,1001,SN,yes,,
D0009760,0,M,701,11,NN,no,,
D0029159,0,M,701,11,NN,no,,
D0021502,0,M,701,13,NN,no,,
D0012711,0,M,701,15,NN,no,,
D0012315,0,M,701,13,NN,no,,
D0010458,0,M,701,8,NN,no,,
D0007218,0,M,701,11,NN,no,,
D0005971,0,M,701,11,NN,no,,
D0005917,0,M,701,15,NN,no,,
D0021595,0,F,806,1401,NN,no,,
D0009585,0,F,901,15,NN,no,,
D0021485,0,F,901,13,NN,no,,
D0016384,0,F,901,12,NN,no,,
TUL481018,1,F,09_10,4,SS,yes,180.511,?
KCX0954,1,F,09_10,4,SS,yes,335.868,?
GLX001480,1,F,09_10,4,SS,yes,254.804,?
GLX000505,1,F,09_10,4,SS,yes,209.987,?
FAX000731,1,F,09_10,4,SS,yes,295.704,?
HMR003693,1,M,09_10,4,SS,yes,153.239,?
D0024753,0,F,1,3,SN,yes,,
D0024530,0,F,1,3,SN,yes,,
D0024390,0,F,1,13,SN,yes,,
D0023061,0,F,1,408,SS,yes,,
D0022776,0,F,1,404,SS,yes,,
D0022518,0,F,1,15,SN,yes,,
D0022024,0,F,1,13,SN,yes,,
D0021801,0,F,1,13,SN,yes,,
D0021462,0,F,1,401,SS,yes,,
D0021408,0,F,1,15,SN,yes,,
D0019312,0,F,1,1,SS,yes,,
D0018309,0,F,1,404,SS,yes,,
D0017482,0,F,1,404,SS,yes,,
D0015784,0,F,1,15,SN,yes,,
D0015302,0,F,1,2,SN,yes,,
D0014945,0,F,1,404,SS,yes,,
D0014867,0,F,1,15,SN,yes,,
D0014327,0,F,1,2,SN,yes,,
D0014301,0,F,1,11,SN,yes,,
D0014200,0,F,1,3,SN,yes,,
D0014198,0,F,1,701,SN,yes,,
D0013918,0,F,1,11,SN,yes,,
D0013669,0,F,1,407,SN,yes,,
D0013585,0,F,1,3,SN,yes,,
D0013526,0,F,1,3,SN,yes,,
D0013498,0,F,1,1,SS,yes,,
D0012964,0,F,1,2,SN,yes,,
D0012853,0,F,1,3,SN,yes,,
D0012813,0,F,1,1,SS,yes,,
D0012788,0,F,1,14,SN,yes,,
D0012630,0,F,1,404,SS,yes,,
D0012582,0,F,1,1,SS,yes,,
D0012520,0,F,1,13011,SN,yes,,
D0012493,0,F,1,701,SN,yes,,
D0012388,0,F,1,13011,SN,yes,,
D0012314,0,F,1,13,SN,yes,,
D0012096,0,F,1,404,SS,yes,,
D0011990,0,F,1,9012,SN,yes,,
D0011541,0,F,1,3,SN,yes,,
D0011436,0,F,1,3,SN,yes,,
D0009792,0,F,1,401,SS,yes,,
D0009587,0,F,1,3,SN,yes,,
D0009435,0,F,1,701,SN,yes,,
D0009429,0,F,1,3,SN,yes,,
D0009386,0,F,1,15,SN,yes,,
D0009363,0,F,1,7,SN,yes,,
D0009340,0,F,1,3,SN,yes,,
D0009203,0,F,1,3,SN,yes,,
D0008853,0,F,1,13,SN,yes,,
D0006301,0,F,1,2,SN,yes,,
D0006249,0,F,1,8,SN,yes,,
D0006131,0,F,1,3,SN,yes,,
D0006032,0,F,1,13,SN,yes,,
D0006023,0,F,1,3,SN,yes,,
D0006019,0,F,1,7,SN,yes,,
D0006018,0,F,1,11,SN,yes,,
D0005993,0,F,1,13,SN,yes,,
D0005932,0,F,1,1501,SN,yes,,
D0005927,0,F,1,11,SN,yes,,
D0005916,0,F,1,2,SN,yes,,
D0005912,0,F,1,2,SN,yes,,
D0005834,0,F,1,3,SN,yes,,
D0005826,0,F,1,7,SN,yes,,
D0005789,0,F,1,405,SS,yes,,
D0005766,0,F,1,3,SN,yes,,
D0005362,0,F,1,7,SN,yes,,
D0004484,0,F,1,1501,SN,yes,,
D0001216,0,F,1,1,SS,yes,,
D0001188,0,F,1,3,SN,yes,,
D0001132,0,F,1,404,SS,yes,,
D0001061,0,F,1,11,SN,yes,,
D0000985,0,F,1,402,SN,yes,,
D0000982,0,F,1,13,SN,yes,,
D0000966,0,F,1,8,SN,yes,,
D0000965,0,F,1,7,SN,yes,,
D0000924,0,F,1,3,SN,yes,,
D0000897,0,F,1,7,SN,yes,,
D0000874,0,F,1,1,SS,yes,,
D0000872,0,F,1,11,SN,yes,,
D0000838,0,F,1,13,SN,yes,,
D0000822,0,F,1,12,SN,yes,,
D0000817,0,F,1,3,SN,yes,,
D0000776,0,F,1,11,SN,yes,,
D0000365,0,F,1,8,SN,yes,,
D0006024,0,F,1,1,SS,yes,,
D0013387,0,F,1,8,SN,yes,,
D0023157,0,F,1,3,SN,yes,,
D0011449,0,F,1,3,SN,yes,,
D0012499,0,F,1,11,SN,yes,,
D0012443,0,F,1,15,SN,yes,,
D0012799,0,F,1,701,SN,yes,,
D0005892,0,F,1,13,SN,yes,,
D0021484,0,F,1,11,SN,yes,,
D0012588,0,F,1,402,SN,yes,,
D0006362,0,F,1,401,SS,yes,,
D0004563,0,F,1,13,SN,yes,,
D0009459,0,F,1,3,SN,yes,,
D0022328,0,F,1,1303,SN,yes,,
D0024389,0,F,1,7,SN,yes,,
D0020726,0,F,1,13,SN,yes,,
2079200,1,F,1,401,SS,yes,84,1230
2106202,1,F,1,3,SN,yes,41,11
5066201,1,F,1,7,SN,yes,70.9,9
9112200,1,F,1,3,SN,yes,76.9,9
9113201,1,F,1,401,SS,yes,39.9,10
2083200,1,F,1,12,SN,yes,143.6,110
1163200,1,F,1,401,SS,yes,110.2,43
1195200,1,F,1,15,SN,yes,246,1530
1198201,1,F,1,401,SS,yes,44,40
2046200,1,F,1,11,SN,yes,153.4,303
1137200,1,F,1,11,SN,yes,127.9,678
1258202,1,F,1,401,SS,yes,413,379
1152201,1,F,1,7,SN,yes,131.6,62
1202200,1,F,1,7,SN,yes,210,181
1267200,1,F,1,11,SN,yes,303.3,1360
1223201,1,F,1,8,SN,yes,102.1,17
1216201,1,F,1,15,SN,yes,413,654
1278201,1,F,1,401,SS,yes,413,214
1252203,1,F,1,404,SS,yes,413,10
2101201,1,F,1,3,SN,yes,28.7,20
2102201,1,F,1,401,SS,yes,77.4,154
2122200,1,F,1,13,SN,yes,413,541
2134200,1,F,1,401,SS,yes,413,10
4095201,1,F,1,401,SS,yes,23.9,19
4110201,1,F,1,404,SS,yes,114.1,17
9095201,1,F,1,401,SS,yes,30.9,292
6003201,1,F,1,401,SS,yes,56.7,16
6011200,1,F,1,401,SS,yes,31.2,91
8012201,1,F,1,401,SS,yes,155.2,58
9013200,1,F,1,7,SN,yes,101.6,10
9041202,1,F,1,13,SN,yes,134.3,511
9093201,1,F,1,401,SS,yes,135,85
TPX001392,1,F,1,4,SS,yes,352.799,27
THX000531,1,F,1,1,SS,yes,58.58,100
THX000394,1,F,1,4,SS,yes,55.51,264
THX000381,1,F,1,4,SS,yes,36.55,558
STU270731,1,F,1,4,SS,yes,64.374,326
SSX000369,1,F,1,4,SS,yes,67.744,448
PCX000589,1,F,1,4,SS,yes,272.317,14
KNZ767673,1,F,1,404,SS,yes,48,118
KNZ725272,1,F,1,404,SS,yes,3255,174
KNZ725263,1,F,1,7,SN,yes,182,1260
KNZ629463,1,F,1,2,SN,yes,432,100
KNZ577332,1,F,1,401,SS,yes,379,114
KNZ067253,1,F,1,1001,SS,yes,39,557
KNY759632,1,F,1,401,SS,yes,2544,14
KNY703603,1,F,1,3,SN,yes,320,61
KNY630402,1,F,1,401,SS,yes,2306,14
KNY630392,1,F,1,7,SN,yes,68,152
KNY240563,1,F,1,1302,SN,yes,696,30
KNU866483,1,F,1,401,SS,yes,65,114
KNS145502,1,F,1,401,SS,yes,753,120
KNS126132,1,F,1,401,SS,yes,161,14
KNS125883,1,F,1,1001,SS,yes,182,630
KNS125643,1,F,1,401,SS,yes,510,155
KNP790504,1,F,1,401,SS,yes,645,394
KNO888903,1,F,1,407,SN,yes,149,172
KNO888883,1,F,1,401,SS,yes,179,583
KNL894913,1,F,1,401,SS,yes,729,109
KNL383953,1,F,1,3,SN,yes,164,61
KNJ676993,1,F,1,401,SS,yes,283,62
KNJ676973,1,F,1,401,SS,yes,333,615
KNJ040084,1,F,1,1,SS,yes,58,83
KNI914973,1,F,1,7,SN,yes,302,235
KNI847084,1,F,1,401,SS,yes,699,512
KNI847053,1,F,1,404,SS,yes,39,363
KNI145214,1,F,1,405,SS,yes,156,63
KNH404803,1,F,1,1,SS,yes,27,177
KNG837983,1,F,1,3,SN,yes,660,175
KNG462164,1,F,1,2,SN,yes,323,322
KNG061703,1,F,1,401,SS,yes,76,295
KNF513914,1,F,1,3,SN,yes,311,176
KNF340363,1,F,1,401,SS,yes,260,125
KND795863,1,F,1,1,SS,yes,486,352
KND112734,1,F,1,14,SN,yes,168,663
KND112624,1,F,1,401,SS,yes,100,462
KND112453,1,F,1,401,SS,yes,243,391
KND112234,1,F,1,7,SN,yes,46,193
KNA753063,1,F,1,401,SS,yes,331,87
KNA530313,1,F,1,404,SS,yes,577,19
KNA126203,1,F,1,2,SN,yes,79,567
KCX1340,1,F,1,4,SS,yes,36.545,21
JSX000016,1,F,1,7,SN,yes,78.454,61
JGX000289,1,F,1,4,SS,yes,322.44,267
HMR004458,1,F,1,7,SN,yes,163.432,21
HMR003147,1,F,1,13,SN,yes,211.688,14
HMR003002,1,F,1,7,SN,yes,282.977,1130
HMR002417,1,F,1,4,SS,yes,382.071,14
HMR001886,1,F,1,4,SS,yes,41.191,120
HMR001666,1,F,1,4,SS,yes,286.385,59
HMR001641,1,F,1,4,SS,yes,189.872,54
HMR001495,1,F,1,4,SS,yes,255.803,69
HMR000288,1,F,1,4,SS,yes,98.056,226
GLX001226,1,F,1,4,SS,yes,46.842,664
GLX000531,1,F,1,4,SS,yes,270.493,50
FAX000698,1,F,1,4,SS,yes,388.277,1880
EAT271029,1,F,1,09_10,SS,yes,247.697,132
D0029324,0,F,1,13,SN,yes,,
D0028033,0,F,1,11,SN,yes,,
D0025618,0,F,1,13,SN,yes,,
D0024927,0,F,1,1303,SN,yes,,
D0024905,0,F,1,13,SN,yes,,
D0024713,0,F,1,1601,SN,yes,,
D0024461,0,F,1,11,SN,yes,,
D0021089,0,F,1,11,SN,yes,,
D0019380,0,F,1,3,SN,yes,,
D0018976,0,F,1,11,SN,yes,,
D0015392,0,F,1,4,SS,yes,,
D0014641,0,F,1,13,SN,yes,,
D0013756,0,F,1,7,SN,yes,,
D0013249,0,F,1,7,SN,yes,,
D0009917,0,F,1,11,SN,yes,,
D0009683,0,F,1,11,SN,yes,,
D0009658,0,F,1,11,SN,yes,,
D0009442,0,F,1,14,SN,yes,,
D0006332,0,F,1,1,SS,yes,,
D0006083,0,F,1,404,SS,yes,,
D0005999,0,F,1,11,SN,yes,,
D0005818,0,F,1,11,SN,yes,,
D0005335,0,F,1,1,SS,yes,,
D0004394,0,F,1,3,SN,yes,,
D0001174,0,F,1,2,SN,yes,,
D0000949,0,F,1,2,SN,yes,,
CAR350101,1,F,1,4,SS,yes,37.596,424
CAM380131,1,F,1,4,SS,yes,307.003,1650
ARN330106,1,F,1,4,SS,yes,328.753,113
ARC360603,1,F,1,4,SS,yes,277.603,763
14608,1,F,1,2,SN,yes,314.677,209
14274,1,F,1,3,SN,yes,88.907,111
14171,1,F,1,405,SS,yes,342.908,90
13898,1,F,1,401,SS,yes,298.59,20
13029,1,F,1,401,SS,yes,230.657,80
12987,1,F,1,2,SN,yes,319.83,164
12907,1,F,1,404,SS,yes,78.037,120
12811,1,F,1,1,SS,yes,161.975,99
12801,1,F,1,11,SN,yes,339.05,234
12713,1,F,1,8,SN,yes,344.693,262
D0021747,0,M,1,11,SN,yes,,
D0021208,0,M,1,401,SS,yes,,
D0020647,0,M,1,7,SN,yes,,
D0012890,0,M,1,701,SN,yes,,
D0012831,0,M,1,11,SN,yes,,
D0012757,0,M,1,13011,SN,yes,,
D0012625,0,M,1,11,SN,yes,,
D0012566,0,M,1,3,SN,yes,,
D0011803,0,M,1,1,SS,yes,,
D0011578,0,M,1,11,SN,yes,,
D0010455,0,M,1,11,SN,yes,,
D0009746,0,M,1,1501,SN,yes,,
D0006318,0,M,1,13,SN,yes,,
D0006124,0,M,1,3,SN,yes,,
D0005327,0,M,1,404,SS,yes,,
D0005321,0,M,1,7,SN,yes,,
D0004499,0,M,1,404,SS,yes,,
D0004213,0,M,1,15,SN,yes,,
D0001203,0,M,1,11,SN,yes,,
D0001183,0,M,1,13,SN,yes,,
D0001141,0,M,1,401,SS,yes,,
D0001067,0,M,1,1,SS,yes,,
D0001048,0,M,1,7,SN,yes,,
D0000933,0,M,1,7,SN,yes,,
D0000903,0,M,1,402,SN,yes,,
D0000860,0,M,1,11,SN,yes,,
D0000845,0,M,1,13,SN,yes,,
D0000833,0,M,1,7,SN,yes,,
D0000744,0,M,1,408,SS,yes,,
D0004202,0,M,1,13,SN,yes,,
D0009331,0,M,1,1501,SN,yes,,
D0012832,0,M,1,12,SN,yes,,
D0009240,0,M,1,14,SN,yes,,
D0000968,0,M,1,13,SN,yes,,
D0006215,0,M,1,4,SS,yes,,
D0012950,0,M,1,11,SN,yes,,
D0009706,0,M,1,7,SN,yes,,
D0012648,0,M,1,1,SS,yes,,
D0000973,0,M,1,9,SN,yes,,
D0000988,0,M,1,7,SN,yes,,
D0009490,0,M,1,2,SN,yes,,
D0012383,0,M,1,1,SS,yes,,
D0012699,0,M,1,7,SN,yes,,
D0000861,0,M,1,1501,SN,yes,,
1190201,1,M,1,16,SN,yes,210,486
1207200,1,M,1,404,SS,yes,210,707
1041201,1,M,1,404,SS,yes,117.3,83
1263201,1,M,1,401,SS,yes,97.1,145
1222202,1,M,1,401,SS,yes,210,225
1230203,1,M,1,15,SN,yes,72.1,126
1240201,1,M,1,15,SN,yes,413,58
4103202,1,M,1,401,SS,yes,134.8,86
5067202,1,M,1,401,SS,yes,103.2,107
6004200,1,M,1,1,SS,yes,25.8,11
9115201,1,M,1,401,SS,yes,413,101
8014201,1,M,1,401,SS,yes,53.8,72
PAU130814,1,M,1,4,SS,yes,356.541,310
KNZ069562,1,M,1,404,SS,yes,90,542
KNU235063,1,M,1,404,SS,yes,53,190
KNS127432,1,M,1,2,SN,yes,23,1190
KNS126502,1,M,1,7,SN,yes,285,17
KNS126493,1,M,1,7,SN,yes,488,138
KNM021084,1,M,1,1130,SN,yes,158,320
KNL383933,1,M,1,13,SN,yes,408,274
KNK504103,1,M,1,401,SS,yes,742,136
KNI847073,1,M,1,7,SN,yes,431,102
KNI298543,1,M,1,7,SN,yes,330,126
KNI247084,1,M,1,401,SS,yes,87,92
KNH404813,1,M,1,404,SS,yes,180,138
KNG089913,1,M,1,2,SN,yes,220,14
KNF503404,1,M,1,401,SS,yes,2161,74
KNF340374,1,M,1,3,SN,yes,137,27
KNE639653,1,M,1,1,SS,yes,39,140
KNA525783,1,M,1,401,SS,yes,2928,14
KCX1355,1,M,1,09_10,SS,yes,270.051,77
KCX0997,1,M,1,3,SN,yes,26.421,1900
D0014180,0,M,1,3,SN,yes,,
D0013134,0,M,1,1,SS,yes,,
D0012174,0,M,1,11,SN,yes,,
D0011739,0,M,1,13011,SN,yes,,
D0009785,0,M,1,301,SN,yes,,
D0000975,0,M,1,405,SS,yes,,
14607,1,M,1,7,SN,yes,33.514,539
14292,1,M,1,2,SN,yes,342.442,280
14143,1,M,1,401,SS,yes,339.981,465
12590,1,M,1,3,SN,yes,351.871,511
D0002866,0,F,1001,12,SN,yes,,
D0011704,0,F,1001,11,SN,yes,,
D0021585,0,F,1001,11,SN,yes,,
11006201,1,M,1001,1001,SS,yes,114.9,47
9109201,1,M,1001,13,SN,yes,109,20
KNA773503,1,M,1010,401,SS,yes,98,?
D0009659,0,F,11,13,NN,no,,
D0014045,0,F,11,1504,NN,no,,
D0013707,0,F,11,15,NN,no,,
D0017630,0,F,11,15,NN,no,,
D0019336,0,F,11,13,NN,no,,
D0021238,0,F,11,1504,NN,no,,
PCX000385,1,F,11,4,SN,yes,370.555,?
KNC383882,1,F,11,1001,SN,yes,252,?
KER570508,1,F,11,4,SN,yes,30.976,?
GLX001556,1,F,11,4,SN,yes,114.938,?
GLX000960,1,F,11,09_10,SN,yes,349.715,?
D0028006,0,F,11,7,NN,no,,
D0027878,0,F,11,14,NN,no,,
D0027810,0,F,11,7,NN,no,,
D0025306,0,F,11,11,NN,no,,
D0025032,0,F,11,13,NN,no,,
D0025026,0,F,11,13,NN,no,,
D0025021,0,F,11,12,NN,no,,
D0024906,0,F,11,14,NN,no,,
D0024798,0,F,11,7,NN,no,,
D0024596,0,F,11,14,NN,no,,
D0024380,0,F,11,7,NN,no,,
D0022242,0,F,11,15,NN,no,,
D0022233,0,F,11,15,NN,no,,
D0021932,0,F,11,12,NN,no,,
D0021853,0,F,11,7,NN,no,,
D0021649,0,F,11,8,NN,no,,
D0021197,0,F,11,13,NN,no,,
D0021044,0,F,11,901,NN,no,,
D0020931,0,F,11,7,NN,no,,
D0019314,0,F,11,16,NN,no,,
D0019258,0,F,11,13,NN,no,,
D0019170,0,F,11,14,NN,no,,
D0019038,0,F,11,13,NN,no,,
D0018945,0,F,11,7,NN,no,,
D0018800,0,F,11,1303,NN,no,,
D0018627,0,F,11,2,NN,no,,
D0017564,0,F,11,7,NN,no,,
D0017053,0,F,11,7,NN,no,,
D0016327,0,F,11,?,NN,no,,
D0015380,0,F,11,901,NN,no,,
D0015254,0,F,11,13,NN,no,,
D0014727,0,F,11,13,NN,no,,
D0014165,0,F,11,13,NN,no,,
D0013583,0,F,11,11,NN,no,,
D0013115,0,F,11,2,NN,no,,
D0013049,0,F,11,14,NN,no,,
D0012786,0,F,11,2,NN,no,,
D0012357,0,F,11,15,NN,no,,
D0012324,0,F,11,15,NN,no,,
D0012268,0,F,11,3,NN,no,,
D0012068,0,F,11,13,NN,no,,
D0012056,0,F,11,13,NN,no,,
D0011766,0,F,11,11,NN,no,,
D0011612,0,F,11,2,NN,no,,
D0010453,0,F,11,1504,NN,no,,
D0010437,0,F,11,2,NN,no,,
D0010431,0,F,11,15,NN,no,,
D0009859,0,F,11,15,NN,no,,
D0009767,0,F,11,11,NN,no,,
D0009663,0,F,11,7,NN,no,,
D0009319,0,F,11,13,NN,no,,
D0009245,0,F,11,11,NN,no,,
D0009227,0,F,11,2,NN,no,,
D0009175,0,F,11,2,NN,no,,
D0006351,0,F,11,801,NN,no,,
D0006338,0,F,11,2,NN,no,,
D0006311,0,F,11,801,NN,no,,
D0006150,0,F,11,2,NN,no,,
D0005885,0,F,11,7,NN,no,,
D0005821,0,F,11,12,NN,no,,
D0005339,0,F,11,7,NN,no,,
D0004532,0,F,11,11,NN,no,,
D0001100,0,F,11,13,NN,no,,
D0000923,0,F,11,13,NN,no,,
D0000857,0,F,11,7,NN,no,,
14309,1,F,11,7,NN,no,215.53,20
12836,1,F,11,405,SN,yes,367.796,589
12666,1,F,11,404,SN,yes,158.684,549
12571,1,F,11,404,SN,yes,63.711,114
D0009329,0,M,11,1001,SN,yes,,
D0000856,0,M,11,11,NN,no,,
D0017101,0,M,11,15,NN,no,,
D0009794,0,M,11,13,NN,no,,
D0009636,0,M,11,11,NN,no,,
D0009690,0,M,11,13,NN,no,,
D0005343,0,M,11,11,NN,no,,
D0009316,0,M,11,3,NN,no,,
D0001179,0,M,11,6,NN,no,,
DCX000311,1,M,11,4,SN,yes,223.854,?
D0027919,0,M,11,13,NN,no,,
D0026907,0,M,11,11,NN,no,,
D0012549,0,M,11,7,NN,no,,
D0011462,0,M,11,14,NN,no,,
D0009225,0,M,11,13,NN,no,,
D0008846,0,M,11,7,NN,no,,
D0006042,0,M,11,7,NN,no,,
D0005708,0,M,11,7,NN,no,,
D0004228,0,M,11,13,NN,no,,
14708,1,M,11,11_13,NN,no,276.311,219
D0013007,0,F,1101,12,NN,no,,
D0009671,0,F,1101,7,NN,no,,
D0005318,0,M,1102,14011,NN,no,,
D0013940,0,M,1130,7,NN,no,,
D0024570,0,F,12,2,NN,no,,
D0019695,0,F,12,7,NN,no,,
D0019377,0,F,12,14,NN,no,,
D0017169,0,F,12,13,NN,no,,
D0013685,0,F,12,7,NN,no,,
D0012682,0,F,12,8,NN,no,,
D0012410,0,F,12,14,NN,no,,
D0009592,0,F,12,13,NN,no,,
D0001140,0,F,12,13,NN,no,,
D0000964,0,F,12,7,NN,no,,
D0000931,0,F,12,7,NN,no,,
12790,1,F,12,8,NN,no,300,267
D0012764,0,M,12,13,NN,no,,
D0027946,0,M,12,13,NN,no,,
D0018811,0,M,12,901,NN,no,,
D0014980,0,M,12,7,NN,no,,
12812,1,F,1201,7,NN,no,292.806,1080
D0022198,0,F,1203,14,NN,no,,
D0021779,0,F,1203,13,NN,no,,
D0018401,0,F,1203,3,NN,no,,
D0016227,0,F,1203,13,NN,no,,
D0023086,0,M,1203,15,NN,no,,
D0024504,0,F,13,13,NN,no,,
D0009715,0,F,13,13,NN,no,,
D0015412,0,F,13,15,NN,no,,
D0013241,0,F,13,2,NN,no,,
D0020664,0,F,13,13,NN,no,,
D0011708,0,F,13,7,NN,no,,
D0014954,0,F,13,7,NN,no,,
TPX001509,1,F,13,4,SN,yes,80.796,?
GLX000601,1,F,13,1,SN,yes,63.145,?
D0026846,0,F,13,13,NN,no,,
D0024574,0,F,13,2,NN,no,,
D0021759,0,F,13,15,NN,no,,
D0021663,0,F,13,11,NN,no,,
D0021001,0,F,13,6,NN,no,,
D0020802,0,F,13,2,NN,no,,
D0020680,0,F,13,8,NN,no,,
D0019598,0,F,13,2,NN,no,,
D0019232,0,F,13,2,NN,no,,
D0017092,0,F,13,13,NN,no,,
D0016238,0,F,13,14,NN,no,,
D0016048,0,F,13,14,NN,no,,
D0015311,0,F,13,14,NN,no,,
D0014709,0,F,13,2,NN,no,,
D0014270,0,F,13,13,NN,no,,
D0012466,0,F,13,1506,NN,no,,
D0012313,0,F,13,2,NN,no,,
D0012079,0,F,13,2,NN,no,,
D0012019,0,F,13,15,NN,no,,
D0011719,0,F,13,1404,NN,no,,
D0010890,0,F,13,7,NN,no,,
D0009727,0,F,13,2,NN,no,,
D0009238,0,F,13,801,NN,no,,
D0007180,0,F,13,2,NN,no,,
D0006333,0,F,13,2,NN,no,,
D0006260,0,F,13,7,NN,no,,
D0006126,0,F,13,2,NN,no,,
D0005991,0,F,13,7,NN,no,,
D0005773,0,F,13,7,NN,no,,
D0005768,0,F,13,8,NN,no,,
D0004502,0,F,13,1602,NN,no,,
D0001149,0,F,13,7,NN,no,,
14405,1,F,13,7,NN,no,23.875,20
12824,1,F,13,3,NN,no,388.462,180
12593,1,F,13,9012,NN,no,64.053,339
D0005798,0,M,13,402,NN,no,,
D0011490,0,M,13,7,NN,no,,
D0012749,0,M,13,7,NN,no,,
D0009389,0,M,13,8,NN,no,,
DTX001825,1,M,13,1,SN,yes,297.933,?
D0029387,0,M,13,15,NN,no,,
D0019197,0,M,13,15,NN,no,,
D0015381,0,M,13,3,NN,no,,
D0015170,0,M,13,7,NN,no,,
D0014264,0,M,13,7,NN,no,,
D0012683,0,M,13,13,NN,no,,
D0011439,0,M,13,7,NN,no,,
D0009703,0,M,13,13,NN,no,,
D0006319,0,M,13,2,NN,no,,
13559,1,M,13,401,SN,yes,30.245,91
12619,1,M,13,401,SN,yes,264.841,142
KND656183,1,F,1301,1,SN,yes,559,?
D0019287,0,F,1302,15,NN,no,,
D0009504,0,F,1303,1601,NN,no,,
D0019615,0,F,1303,15,NN,no,,
D0013953,0,F,1303,15,NN,no,,
D0011448,0,M,1310,1407,NN,no,,
D0005957,0,F,14,15,NN,no,,
D0029009,0,F,14,1601,NN,no,,
D0020974,0,F,14,14,NN,no,,
D0012167,0,F,14,15,NN,no,,
D0011849,0,F,14,1602,NN,no,,
D0009333,0,F,14,15,NN,no,,
D0008865,0,F,14,7,NN,no,,
D0000876,0,F,14,801,NN,no,,
D0011722,0,M,14,7,NN,no,,
D0009292,0,M,14,7,NN,no,,
D0012696,0,M,14011,8,NN,no,,
D0009562,0,M,14011,8,NN,no,,
4092200,1,F,15,404,SN,yes,97.6,22
9077201,1,F,15,401,SN,yes,40.9,147
1210201,1,F,15,408,SN,yes,317.7,6920
1043201,1,F,15,401,SN,yes,146.5,32
1213201,1,F,15,404,SN,yes,354.4,10
1246200,1,F,15,401,SN,yes,123.2,3925
1259201,1,F,15,401,SN,yes,304.3,646
9026200,1,F,15,401,SN,yes,120.5,140
4111201,1,F,15,401,SN,yes,36.1,18
9118201,1,F,15,401,SN,yes,124.1,74
D0025335,0,F,15,15,NN,no,,
D0024218,0,F,15,15,NN,no,,
D0013001,0,F,15,15,NN,no,,
D0012618,0,F,15,1601,NN,no,,
1101201,1,M,15,401,SN,yes,111.8,923
2092201,1,M,15,404,SN,yes,123,62
2103201,1,M,15,401,SN,yes,413,139
2116201,1,M,15,401,SN,yes,413,197
12037201,1,M,15,401,SN,yes,74.2,122
D0018647,0,M,15,15,NN,no,,
D0012328,0,F,1501,401,SN,yes,,
D0011594,0,F,1501,404,SN,yes,,
D0009768,0,F,1501,404,SN,yes,,
D0009231,0,F,1501,404,SN,yes,,
D0000767,0,F,1501,1001,SN,yes,,
D0005329,0,F,1501,1101,NN,no,,
D0005342,0,F,1501,301,NN,no,,
D0011445,0,F,1501,405,SN,yes,,
D0012876,0,F,1501,11,NN,no,,
D0012572,0,F,1501,301,NN,no,,
D0012456,0,F,1501,13011,NN,no,,
D0012404,0,F,1501,404,SN,yes,,
D0011697,0,F,1501,7,NN,no,,
D0011422,0,F,1501,7,NN,no,,
D0011417,0,F,1501,13,NN,no,,
D0011141,0,F,1501,13,NN,no,,
D0006054,0,F,1501,1501,NN,no,,
D0005968,0,F,1501,1501,NN,no,,
D0005910,0,F,1501,7,NN,no,,
D0005748,0,F,1501,301,NN,no,,
D0000906,0,F,1501,7,NN,no,,
D0000848,0,F,1501,1501,NN,no,,
D0013069,0,M,1501,401,SN,yes,,
D0012681,0,M,1501,401,SN,yes,,
D0011542,0,M,1501,404,SN,yes,,
D0005862,0,M,1501,401,SN,yes,,
D0012589,0,M,1501,408,SN,yes,,
D0012349,0,M,1501,13011,NN,no,,
D0011234,0,M,1501,301,NN,no,,
D0005752,0,M,1501,1101,NN,no,,
D0012347,0,M,1501,0,NN,no,,
D0009698,0,M,1501,301,NN,no,,
D0009714,0,M,1501,1101,NN,no,,
D0011466,0,M,1501,7,NN,no,,
D0011468,0,M,1501,404,SN,yes,,
D0011469,0,M,1501,7,NN,no,,
D0009878,0,M,1501,11,NN,no,,
D0012603,0,M,1501,301,NN,no,,
D0009342,0,M,1501,1104,NN,no,,
D0011701,0,M,1501,13,NN,no,,
D0013477,0,M,1501,7,NN,no,,
D0013083,0,M,1501,7,NN,no,,
D0012877,0,M,1501,301,NN,no,,
D0012713,0,M,1501,301,NN,no,,
D0012453,0,M,1501,1501,NN,no,,
D0012239,0,M,1501,11,NN,no,,
D0009327,0,M,1501,1101,NN,no,,
D0001079,0,M,1501,13,NN,no,,
D0000902,0,M,1501,301,NN,no,,
D0000825,0,M,1501,1501,NN,no,,
D0000661,0,M,1501,301,NN,no,,
D0013549,0,F,1502,301,NN,no,,
D0011681,0,F,1502,301,NN,no,,
D0000899,0,F,1502,14,NN,no,,
D0011567,0,M,1502,401,SN,yes,,
D0012761,0,M,1502,301,NN,no,,
D0005813,0,M,1502,1104,NN,no,,
D0019154,0,F,1601,1601,NN,no,,
D0012812,0,F,16011,404,SN,yes,,
D0011446,0,M,16011,13,NN,no,,
D0009877,0,M,16011,8,NN,no,,
D0009330,0,M,16011,1104,NN,no,,
D0011934,0,M,16011,13,NN,no,,
D0009780,0,M,16011,301,NN,no,,
D0005331,0,F,16021,1001,SN,yes,,
D0017156,0,F,16021,3,NN,no,,
D0023119,0,F,2,401,SN,yes,,
D0023110,0,F,2,401,SN,yes,,
D0021728,0,F,2,1001,SN,yes,,
D0021164,0,F,2,401,SN,yes,,
D0018696,0,F,2,1,SN,yes,,
D0013852,0,F,2,1001,SN,yes,,
D0013659,0,F,2,401,SN,yes,,
D0012620,0,F,2,404,SN,yes,,
D0012081,0,F,2,401,SN,yes,,
D0006325,0,F,2,401,SN,yes,,
D0004407,0,F,2,404,SN,yes,,
D0004318,0,F,2,401,SN,yes,,
D0015941,0,F,2,7,NN,no,,
D0003801,0,F,2,3,NN,no,,
D0009583,0,F,2,3,NN,no,,
D0006262,0,F,2,13,NN,no,,
D0010440,0,F,2,401,SN,yes,,
D0012944,0,F,2,4,SN,yes,,
D0012752,0,F,2,3,NN,no,,
D0021346,0,F,2,14,NN,no,,
D0001122,0,F,2,7,NN,no,,
D0004348,0,F,2,13,NN,no,,
D0004462,0,F,2,8,NN,no,,
D0014872,0,F,2,13,NN,no,,
1170201,1,F,2,401,SN,yes,210,349
MCC550925,1,F,2,09_10,SN,yes,387.408,119
KNZ834833,1,F,2,1001,SN,yes,52,?
KNX266113,1,F,2,404,SN,yes,22,?
KNU235083,1,F,2,405,SN,yes,175,?
KNS190022,1,F,2,401,SN,yes,308,?
KNQ491323,1,F,2,404,SN,yes,149,?
KNP790493,1,F,2,401,SN,yes,54,?
KNO461217,1,F,2,4,SN,yes,36.424,253
KNM418823,1,F,2,404,SN,yes,148,?
KNJ728643,1,F,2,404,SN,yes,325,?
KNH763254,1,F,2,404,SN,yes,657,?
KNG837943,1,F,2,401,SN,yes,234,?
KNE639624,1,F,2,401,SN,yes,3235,?
KNC682943,1,F,2,404,SN,yes,96,?
KNB814424,1,F,2,401,SN,yes,386,?
KCX1752,1,F,2,1,SN,yes,314.884,65
KCX1721,1,F,2,1,SN,yes,200.737,74
JOH420217,1,F,2,4,SN,yes,270.833,256
JAR460604,1,F,2,1,SN,yes,330.549,52
HMR002734,1,F,2,4,SN,yes,241.528,38
GLX001641,1,F,2,4,SN,yes,293.686,98
FOW391001,1,F,2,1,SN,yes,361.566,188
FAX000342,1,F,2,09_10,SN,yes,312.66,74
D0027892,0,F,2,11,NN,no,,
D0024522,0,F,2,3,NN,no,,
D0024285,0,F,2,2,NN,no,,
D0023118,0,F,2,7,NN,no,,
D0022750,0,F,2,1001,SN,yes,,
D0022164,0,F,2,12,NN,no,,
D0021828,0,F,2,3,NN,no,,
D0021192,0,F,2,3,NN,no,,
D0021148,0,F,2,11,NN,no,,
D0020941,0,F,2,7,NN,no,,
D0020798,0,F,2,11,NN,no,,
D0020649,0,F,2,7,NN,no,,
D0018943,0,F,2,8,NN,no,,
D0018308,0,F,2,13,NN,no,,
D0018304,0,F,2,2,NN,no,,
D0017291,0,F,2,11,NN,no,,
D0017236,0,F,2,7,NN,no,,
D0015933,0,F,2,3,NN,no,,
D0015528,0,F,2,3,NN,no,,
D0015468,0,F,2,7,NN,no,,
D0015363,0,F,2,2,NN,no,,
D0015141,0,F,2,2,NN,no,,
D0014878,0,F,2,3,NN,no,,
D0014816,0,F,2,11,NN,no,,
D0014197,0,F,2,11,NN,no,,
D0013624,0,F,2,11,NN,no,,
D0013594,0,F,2,13,NN,no,,
D0012914,0,F,2,3,NN,no,,
D0012863,0,F,2,13,NN,no,,
D0011076,0,F,2,14,NN,no,,
D0010715,0,F,2,8,NN,no,,
D0009814,0,F,2,3,NN,no,,
D0009615,0,F,2,11,NN,no,,
D0009544,0,F,2,2,NN,no,,
D0009493,0,F,2,8,NN,no,,
D0009489,0,F,2,3,NN,no,,
D0009449,0,F,2,7,NN,no,,
D0009335,0,F,2,11,NN,no,,
D0007068,0,F,2,7,NN,no,,
D0006353,0,F,2,3,NN,no,,
D0006304,0,F,2,3,NN,no,,
D0006302,0,F,2,3,NN,no,,
D0006274,0,F,2,13,NN,no,,
D0006189,0,F,2,3,NN,no,,
D0006165,0,F,2,3,NN,no,,
D0006109,0,F,2,7,NN,no,,
D0006104,0,F,2,7,NN,no,,
D0006050,0,F,2,11,NN,no,,
D0006021,0,F,2,2,NN,no,,
D0005872,0,F,2,14,NN,no,,
D0005866,0,F,2,11,NN,no,,
D0005255,0,F,2,13,NN,no,,
D0004630,0,F,2,13,NN,no,,
D0004578,0,F,2,7,NN,no,,
D0004560,0,F,2,2,NN,no,,
D0004477,0,F,2,2,NN,no,,
D0004446,0,F,2,2,NN,no,,
D0004408,0,F,2,7,NN,no,,
D0004386,0,F,2,7,NN,no,,
D0004308,0,F,2,2,NN,no,,
D0001218,0,F,2,3,NN,no,,
D0001118,0,F,2,13,NN,no,,
D0001099,0,F,2,3,NN,no,,
D0000956,0,F,2,13,NN,no,,
D0000754,0,F,2,11,NN,no,,
D0000753,0,F,2,901,NN,no,,
D0000592,0,F,2,2,NN,no,,
D0000582,0,F,2,13,NN,no,,
AND341229,1,F,2,4,SN,yes,344.528,102
ALB431118,1,F,2,4,SN,yes,291.757,230
14263,1,F,2,401,SN,yes,109.868,278
14198,1,F,2,2,NN,no,35.59,350
14162,1,F,2,3,NN,no,21.2,112
14155,1,F,2,401,SN,yes,382.092,79
13033,1,F,2,401,SN,yes,93.162,15
13006,1,F,2,7,NN,no,326.156,1280
12925,1,F,2,1001,SN,yes,306.676,137
12677,1,F,2,2,NN,no,329.43,50
12675,1,F,2,404,SN,yes,53.124,450
12664,1,F,2,3,NN,no,285.331,48
12560,1,F,2,11,NN,no,474.759,3970
12531,1,F,2,404,SN,yes,22.224,688
D0021819,0,M,2,401,SN,yes,,
D0021733,0,M,2,404,SN,yes,,
D0018504,0,M,2,1001,SN,yes,,
D0013491,0,M,2,401,SN,yes,,
D0006284,0,M,2,401,SN,yes,,
D0001026,0,M,2,404,SN,yes,,
D0000588,0,M,2,401,SN,yes,,
D0005227,0,M,2,13,NN,no,,
D0011584,0,M,2,7,NN,no,,
D0001055,0,M,2,3,NN,no,,
D0011845,0,M,2,11,NN,no,,
D0005262,0,M,2,3,NN,no,,
D0005112,0,M,2,12,NN,no,,
TPX001226,1,M,2,4,SN,yes,42.49,86
TPX000395,1,M,2,1,SN,yes,270.064,65
TAY550616,1,M,2,4,SN,yes,43.728,325
MLX000459,1,M,2,4,SN,yes,274.497,427
LEM390404,1,M,2,4,SN,yes,21.082,78
KNW906752,1,M,2,404,SN,yes,3150,?
KNW429213,1,M,2,401,SN,yes,1826,?
KNS124492,1,M,2,1001,SN,yes,2007,?
KNA263423,1,M,2,404,SN,yes,51,?
HMR002833,1,M,2,4,SN,yes,343.879,739
D0027904,0,M,2,3,NN,no,,
D0025594,0,M,2,3,NN,no,,
D0025233,0,M,2,401,SN,yes,,
D0021101,0,M,2,2,NN,no,,
D0020793,0,M,2,8,NN,no,,
D0020679,0,M,2,7,NN,no,,
D0020652,0,M,2,2,NN,no,,
D0019032,0,M,2,2,NN,no,,
D0018386,0,M,2,13,NN,no,,
D0017225,0,M,2,3,NN,no,,
D0015339,0,M,2,13,NN,no,,
D0013720,0,M,2,13,NN,no,,
D0013331,0,M,2,2,NN,no,,
D0011670,0,M,2,13,NN,no,,
D0011495,0,M,2,7,NN,no,,
D0009669,0,M,2,13,NN,no,,
D0009462,0,M,2,13,NN,no,,
D0002867,0,M,2,13,NN,no,,
D0001248,0,M,2,11,NN,no,,
D0001185,0,M,2,2,NN,no,,
D0001150,0,M,2,2,NN,no,,
D0000925,0,M,2,13,NN,no,,
CLA531226,1,M,2,4,SN,yes,278.124,80
D0021640,0,F,3,401,SN,yes,?,?
D0019190,0,F,3,1001,SN,yes,?,?
D0018989,0,F,3,1001,SN,yes,?,?
D0014960,0,F,3,404,SN,yes,?,?
D0014670,0,F,3,401,SN,yes,,
D0012847,0,F,3,404,SN,yes,,
D0012479,0,F,3,404,SN,yes,,
D0011664,0,F,3,404,SN,yes,,
D0009817,0,F,3,401,SN,yes,,
D0009666,0,F,3,401,SN,yes,,
D0009591,0,F,3,401,SN,yes,,
D0009199,0,F,3,404,SN,yes,,
D0006343,0,F,3,11,NN,no,,
D0012399,0,F,3,401,SN,yes,,
D0020993,0,F,3,13,NN,no,,
D0021492,0,F,3,2,NN,no,,
D0006063,0,F,3,13,NN,no,,
D0013505,0,F,3,13,NN,no,,
D0013045,0,F,3,2,NN,no,,
D0012257,0,F,3,401,SN,yes,,
D0022319,0,F,3,2,NN,no,,
D0019177,0,F,3,2,NN,no,,
D0013871,0,F,3,2,NN,no,,
D0015256,0,F,3,401,SN,yes,,
D0001177,0,F,3,10,SN,yes,,
D0021363,0,F,3,7,NN,no,,
D0015546,0,F,3,401,SN,yes,,
3010201,1,F,3,401,SN,yes,120.1,1615
8019200,1,F,3,1001,SN,yes,26.4,222
1040201,1,F,3,401,SN,yes,24.5,12
1028201,1,F,3,1001,SN,yes,54.2,?
8044201,1,F,3,401,SN,yes,23.4,1135
1237201,1,F,3,401,SN,yes,210,96
1238201,1,F,3,401,SN,yes,413,1730
2080200,1,F,3,401,SN,yes,132.3,14
2093201,1,F,3,404,SN,yes,58.7,52
2107201,1,F,3,404,SN,yes,210,17
1277201,1,F,3,401,SN,yes,100.8,513
THX000124,1,F,3,4,SN,yes,212.403,1010
RID510309,1,F,3,4,SN,yes,298.767,35
PCX000086,1,F,3,4,SN,yes,296.544,358
LAW521104,1,F,3,1,SN,yes,284.257,652
KNB708453,1,F,3,405,SN,yes,88,29
KCX1034,1,F,3,1,SN,yes,184.619,20
JAM410522,1,F,3,4,SN,yes,335.152,55
HMR004709,1,F,3,4,SN,yes,58.249,134
HMR004126,1,F,3,4,SN,yes,43.789,305
HMR001252,1,F,3,4,SN,yes,26.68,63
HMR000800,1,F,3,09_10,SN,yes,358.069,127
HMR000333,1,F,3,4,SN,yes,323.813,64
HMR000258,1,F,3,4,SN,yes,44.546,82
GLX001473,1,F,3,4,SN,yes,28.592,74
GLX000873,1,F,3,4,SN,yes,99.072,419
GLX000639,1,F,3,4,SN,yes,148.634,85
GLX000629,1,F,3,09_10,SN,yes,344.308,69
FAX001020,1,F,3,4,SN,yes,311.049,1110
D0028964,0,F,3,7,NN,no,,
D0027863,0,F,3,1001,SN,yes,,
D0024808,0,F,3,3,NN,no,,
D0024460,0,F,3,13,NN,no,,
D0024241,0,F,3,13,NN,no,,
D0023138,0,F,3,11,NN,no,,
D0023073,0,F,3,15,NN,no,,
D0023071,0,F,3,8,NN,no,,
D0023058,0,F,3,7,NN,no,,
D0023003,0,F,3,8,NN,no,,
D0022989,0,F,3,13,NN,no,,
D0022565,0,F,3,3,NN,no,,
D0022342,0,F,3,7,NN,no,,
D0022057,0,F,3,15,NN,no,,
D0021693,0,F,3,13,NN,no,,
D0021545,0,F,3,13,NN,no,,
D0021249,0,F,3,15,NN,no,,
D0021098,0,F,3,3,NN,no,,
D0020665,0,F,3,14,NN,no,,
D0019477,0,F,3,7,NN,no,,
D0019379,0,F,3,15,NN,no,,
D0019302,0,F,3,7,NN,no,,
D0019262,0,F,3,8,NN,no,,
D0019215,0,F,3,13,NN,no,,
D0018910,0,F,3,?,NN,no,,
D0018805,0,F,3,1203,NN,no,,
D0017362,0,F,3,7,NN,no,,
D0017135,0,F,3,7,NN,no,,
D0017095,0,F,3,?,NN,no,,
D0015910,0,F,3,1001,SN,yes,,
D0015883,0,F,3,3,NN,no,,
D0015266,0,F,3,11,NN,no,,
D0015003,0,F,3,8,NN,no,,
D0014976,0,F,3,15,NN,no,,
D0014965,0,F,3,7,NN,no,,
D0014503,0,F,3,7,NN,no,,
D0014237,0,F,3,2,NN,no,,
D0014171,0,F,3,11,NN,no,,
D0014038,0,F,3,7,NN,no,,
D0013957,0,F,3,3,NN,no,,
D0013910,0,F,3,7,NN,no,,
D0013759,0,F,3,14,NN,no,,
D0013738,0,F,3,2,NN,no,,
D0013663,0,F,3,1601,NN,no,,
D0013444,0,F,3,7,NN,no,,
D0013340,0,F,3,7,NN,no,,
D0013238,0,F,3,7,NN,no,,
D0013037,0,F,3,2,NN,no,,
D0013022,0,F,3,407,NN,no,,
D0013017,0,F,3,3,NN,no,,
D0012806,0,F,3,3,NN,no,,
D0012578,0,F,3,13,NN,no,,
D0012515,0,F,3,2,NN,no,,
D0011995,0,F,3,7,NN,no,,
D0011896,0,F,3,11,NN,no,,
D0011780,0,F,3,12,NN,no,,
D0011550,0,F,3,7,NN,no,,
D0011242,0,F,3,7,NN,no,,
D0010401,0,F,3,3,NN,no,,
D0009761,0,F,3,2,NN,no,,
D0009546,0,F,3,13,NN,no,,
D0009531,0,F,3,7,NN,no,,
D0009521,0,F,3,3,NN,no,,
D0009318,0,F,3,7,NN,no,,
D0007182,0,F,3,11,NN,no,,
D0006321,0,F,3,14,NN,no,,
D0006186,0,F,3,13,NN,no,,
D0006164,0,F,3,13,NN,no,,
D0006148,0,F,3,8,NN,no,,
D0006084,0,F,3,2,NN,no,,
D0006052,0,F,3,2,NN,no,,
D0005815,0,F,3,1001,SN,yes,,
D0005716,0,F,3,7,NN,no,,
D0004418,0,F,3,7,NN,no,,
D0004340,0,F,3,1104,NN,no,,
D0001232,0,F,3,7,NN,no,,
D0001082,0,F,3,401,SN,yes,,
D0001058,0,F,3,13,NN,no,,
D0001022,0,F,3,8,NN,no,,
D0000823,0,F,3,13,NN,no,,
D0000789,0,F,3,2,NN,no,,
CON510922,1,F,3,4,SN,yes,120.765,243
CAM301118,1,F,3,4,SN,yes,89.692,329
14129,1,F,3,3,NN,no,36.353,163
13850,1,F,3,404,SN,yes,25.533,373
13487,1,F,3,401,SN,yes,426.577,245
12966,1,F,3,407,NN,no,25.985,573
12561,1,F,3,401,SN,yes,87.486,449
D0012243,0,M,3,404,SN,yes,,
D0009300,0,M,3,401,SN,yes,,
D0012245,0,M,3,8,NN,no,,
D0006047,0,M,3,11,NN,no,,
D0005820,0,M,3,13,NN,no,,
D0018377,0,M,3,7,NN,no,,
D0012852,0,M,3,7,NN,no,,
D0009667,0,M,3,7,NN,no,,
D0004230,0,M,3,7,NN,no,,
D0000733,0,M,3,12,NN,no,,
D0000858,0,M,3,7,NN,no,,
1146201,1,M,3,401,SN,yes,413,366
9083200,1,M,3,401,SN,yes,116.5,402
6061201,1,M,3,401,SN,yes,26.5,203
TPX001398,1,M,3,1,SN,yes,107.81,355
KNU686582,1,M,3,405,SN,yes,88,176
KNE639643,1,M,3,1001,SN,yes,763,14
HMR001138,1,M,3,4,SN,yes,348.687,953
GLX001475,1,M,3,1,SN,yes,345.838,75
D0027970,0,M,3,?,NN,no,,
D0024682,0,M,3,2,NN,no,,
D0023173,0,M,3,7,NN,no,,
D0022074,0,M,3,15,NN,no,,
D0021121,0,M,3,11,NN,no,,
D0015521,0,M,3,11,NN,no,,
D0015450,0,M,3,13,NN,no,,
D0014973,0,M,3,13,NN,no,,
D0014469,0,M,3,15,NN,no,,
D0013442,0,M,3,7,NN,no,,
D0012897,0,M,3,11,NN,no,,
D0012860,0,M,3,11,NN,no,,
D0012848,0,M,3,03_11,NN,no,,
D0012396,0,M,3,14,NN,no,,
D0012365,0,M,3,8,NN,no,,
D0011464,0,M,3,13,NN,no,,
D0009713,0,M,3,3,NN,no,,
D0009691,0,M,3,8,NN,no,,
D0009362,0,M,3,13,NN,no,,
D0006125,0,M,3,13,NN,no,,
D0006099,0,M,3,3,NN,no,,
D0004445,0,M,3,3,NN,no,,
D0004316,0,M,3,11,NN,no,,
D0001231,0,M,3,7,NN,no,,
D0000941,0,M,3,3,NN,no,,
14154,1,F,39399,12,NN,no,29.407,20
THX000301,1,F,4,14,SN,yes,46.737,252
THX000232,1,F,4,4,SS,yes,37.436,197
PET410909,1,F,4,4,SS,yes,33.518,67
LOC470621,1,F,4,4,SS,yes,43.49,83
HMR002270,1,F,4,4,SS,yes,310.441,664
HMR002104,1,F,4,4,SS,yes,24.976,56
HMR001239,1,F,4,4,SS,yes,136.674,323
HAR600318,1,F,4,4,SS,yes,39.408,67
ERI390101,1,F,4,4,SS,yes,289.056,330
DCX000548,1,F,4,4,SS,yes,172.262,344
DCX000018,1,F,4,4,SS,yes,243.444,573
BER610313,1,F,4,4,SS,yes,361.12,14
WIL270916,1,M,4,4,SS,yes,405.47,870
TPX000554,1,M,4,?,SN,yes,335.095,664
THX000580,1,M,4,4,SS,yes,71.2,103
SER261128,1,M,4,4,SS,yes,70.429,158
MAR360902,1,M,4,4,SS,yes,108.369,16
KCX1806,1,M,4,4,SS,yes,273.697,59
JKX000050,1,M,4,4,SS,yes,301.742,166
GLX001238,1,M,4,14,SN,yes,219.473,224
DCX000010,1,M,4,4,SS,yes,295.157,34
D0000750,0,F,6,13,NN,no,,
D0000920,0,M,6,13,NN,no,,
D0011637,0,F,7,1001,SN,yes,,
D0016093,0,F,7,2,NN,no,,
D0012446,0,F,7,7,NN,no,,
D0021904,0,F,7,13,NN,no,,
D0000849,0,F,7,7,NN,no,,
MAR210927,1,F,7,4,SN,yes,150.081,?
HMR000414,1,F,7,1,SN,yes,320.119,?
GLX000331,1,F,7,4,SN,yes,289.953,?
D0027980,0,F,7,11,NN,no,,
D0027869,0,F,7,7,NN,no,,
D0024780,0,F,7,8,NN,no,,
D0024576,0,F,7,8,NN,no,,
D0022181,0,F,7,8,NN,no,,
D0021842,0,F,7,7,NN,no,,
D0021531,0,F,7,2,NN,no,,
D0021024,0,F,7,14,NN,no,,
D0020687,0,F,7,2,NN,no,,
D0020669,0,F,7,13,NN,no,,
D0019600,0,F,7,13,NN,no,,
D0019233,0,F,7,2,NN,no,,
D0015467,0,F,7,7,NN,no,,
D0015408,0,F,7,7,NN,no,,
D0014288,0,F,7,804,NN,no,,
D0013814,0,F,7,7,NN,no,,
D0013531,0,F,7,2,NN,no,,
D0012734,0,F,7,8,NN,no,,
D0012462,0,F,7,15,NN,no,,
D0012460,0,F,7,7,NN,no,,
D0010436,0,F,7,15,NN,no,,
D0009745,0,F,7,8,NN,no,,
D0009731,0,F,7,8,NN,no,,
D0009724,0,F,7,13,NN,no,,
D0009705,0,F,7,11,NN,no,,
D0006091,0,F,7,13,NN,no,,
D0006033,0,F,7,901,NN,no,,
D0005732,0,F,7,7,NN,no,,
D0004615,0,F,7,8,NN,no,,
D0004468,0,F,7,2,NN,no,,
D0000938,0,F,7,2,NN,no,,
D0000865,0,F,7,7,NN,no,,
CRI450525,1,F,7,4,SN,yes,,
14304,1,F,7,401,SN,yes,,
D0001042,0,M,7,13,NN,no,,
D0009315,0,M,7,12,NN,no,,
D0001039,0,M,7,8,NN,no,,
D0006157,0,M,7,8,NN,no,,
D0014108,0,M,7,11,NN,no,,
KND112494,1,M,7,1001,SN,yes,,
KCX1694,1,M,7,4,SN,yes,,
KCX0003,1,M,7,4,SN,yes,,
HMR000729,1,M,7,1,SN,yes,,
D0022996,0,M,7,7,NN,no,,
D0021047,0,M,7,13,NN,no,,
D0021020,0,M,7,7,NN,no,,
D0018813,0,M,7,2,NN,no,,
D0018394,0,M,7,7,NN,no,,
D0015879,0,M,7,901,NN,no,,
D0015675,0,M,7,2,NN,no,,
D0015455,0,M,7,11,NN,no,,
D0015433,0,M,7,13,NN,no,,
D0014263,0,M,7,7,NN,no,,
D0013696,0,M,7,7,NN,no,,
D0011677,0,M,7,7,NN,no,,
D0009744,0,M,7,7,NN,no,,
D0006316,0,M,7,2,NN,no,,
D0000967,0,M,7,7,NN,no,,
D0000801,0,M,7,8,NN,no,,
13294,1,M,7,401,SN,yes,,
D0015255,0,F,8,13,NN,no,,
D0018553,0,F,8,13,NN,no,,
D0017061,0,F,8,2,NN,no,,
5040201,1,F,8,1001,SN,yes,154.5,100
HMR000637,1,F,8,1,SN,yes,58.645,?
D0025394,0,F,8,13,NN,no,,
D0024950,0,F,8,11,NN,no,,
D0022105,0,F,8,16,NN,no,,
D0012700,0,F,8,13,NN,no,,
D0012511,0,F,8,13,NN,no,,
D0009902,0,F,8,11,NN,no,,
D0004395,0,F,8,15,NN,no,,
THX000484,1,M,8,4,SN,yes,107.964,?
FAX000504,1,M,8,1,SN,yes,56.532,?
6063201,1,F,9,1001,SN,yes,100.6,11
PCX000764,1,F,?,4,SN,yes,98.07,?
PCX000457,1,F,?,4,SN,yes,167.767,?
PCX000117,1,F,?,1,SN,yes,146.319,?
KCX1664,1,F,?,4,SN,yes,75.433,?
KCX0018,1,F,?,4,SN,yes,34.82,?
KCX0015,1,F,?,4,SN,yes,22.054,?
HMR003855,1,F,?,1,SN,yes,349.373,?
HMR000997,1,F,?,1,SN,yes,349.052,?
HMR000790,1,F,?,4,SN,yes,65.3,?
GLX001557,1,F,?,4,SN,yes,327.924,?
GLX001281,1,F,?,4,SN,yes,309.082,?
GLX001178,1,F,?,4,SN,yes,112.499,?
GLX000849,1,F,?,4,SN,yes,20.053,?
GLX000152,1,F,?,09_10,SN,yes,152.822,?
GBX000498,1,F,?,4,SN,yes,74.117,?
GBX000490,1,F,?,1,SN,yes,26.493,?
DTX001828,1,F,?,4,SN,yes,20.397,?
D0024601,0,F,?,11,NN,no,,
D0011665,0,F,?,?,?,?,,
D0005924,0,F,?,11,NN,no,,
COL230222,1,F,?,4,SN,yes,311.395,?
BRO560120,1,F,?,1,SN,yes,31.341,?
BRO501104,1,F,?,4,SN,yes,96.168,?
BRE400202,1,F,?,4,SN,yes,320.926,?
9593,1,F,?,?,?,?,301.895,179
8120,1,F,?,?,?,?,393.826,87
7996,1,F,?,?,?,?,282.845,139
7843,1,F,?,?,?,?,310.237,261
7624,1,F,?,?,?,?,?,20
7277,1,F,?,?,?,?,386.465,14
7179,1,F,?,?,?,?,198.801,37
709,1,F,?,?,?,?,276.812,123
6725,1,F,?,?,?,?,275.973,84
6389,1,F,?,?,?,?,239.608,225
5959,1,F,?,?,?,?,244.049,30
4253,1,F,?,?,?,?,273.747,170
4145,1,F,?,?,?,?,364.767,46
3963,1,F,?,?,?,?,347.014,530
3235,1,F,?,?,?,?,309.476,14
2606,1,F,?,?,?,?,409.095,724
2,1,F,?,?,?,?,208.521,147
1918,1,F,?,?,?,?,235.335,605
1766,1,F,?,?,?,?,355.077,571
14897,1,F,?,?,?,?,458.718,14
14796,1,F,?,?,?,?,360.29,34
14689,1,F,?,?,?,?,354.291,14
14490,1,F,?,?,?,?,242.775,14
13332,1,F,?,?,?,?,243.789,14
1286,1,F,?,?,?,?,346.929,94
12833,1,F,?,?,?,?,309.983,1040
12359,1,F,?,?,?,?,226.802,36
12108,1,F,?,?,?,?,333.317,72
12008,1,F,?,?,?,?,325.476,36
10948,1,F,?,?,?,?,305.672,?
10903,1,F,?,?,?,?,335.192,212
10870,1,F,?,?,?,?,415.639,259
10681,1,F,?,?,?,?,240.614,613
10428,1,F,?,?,?,?,409.368,90
10002,1,F,?,?,?,?,381.313,34
HMR002120,1,M,?,4,SN,yes,350.281,?
HMR001625,1,M,?,4,SN,yes,261.069,?
GLX001284,1,M,?,4,SN,yes,228.461,?
GLX000802,1,M,?,1,SN,yes,50.083,?
GLX000015,1,M,?,4,SN,yes,388.339,?
DCX000133,1,M,?,4,SN,yes,253.655,?
BUS330919,1,M,?,09_10,SN,yes,177.768,?
3762,1,M,?,?,?,?,415.639,129
3752,1,M,?,?,?,?,439.087,129
2433,1,M,?,?,?,?,321.703,3300
14793,1,M,?,?,?,?,361.977,290
10995,1,M,?,?,?,?,344.223,602
